task_id,proj_id,wbs_id,clndr_id,phys_complete_pct,rev_fdbk_flag,lock_plan_flag,auto_compute_act_flag,complete_pct_type,task_type,duration_type,status_code,task_code,task_name,rsrc_id,total_float_hr_cnt,free_float_hr_cnt,remain_drtn_hr_cnt,act_work_qty,remain_work_qty,target_work_qty,target_drtn_hr_cnt,target_equip_qty,act_equip_qty,remain_equip_qty,cstr_date,act_start_date,act_end_date,late_start_date,late_end_date,expect_end_date,early_start_date,early_end_date,restart_date,reend_date,target_start_date,target_end_date,rem_late_start_date,rem_late_end_date,cstr_type,priority_type,suspend_date,resume_date,float_path,float_path_order,guid,tmpl_guid,cstr_date2,cstr_type2,driving_path_flag,act_this_per_work_qty,act_this_per_equip_qty,external_early_start_date,external_late_end_date,create_date,update_date,create_user,update_user,location_id
106071,4680,26186,6690,0,N,N,N,CP_Drtn,TT_Task,DT_FixedDUR2,TK_NotStart,10,EXCAVATION,,0,0,100,0,0,0,100,304,0,304,,,,2013-09-16 12:00,2013-09-30 16:00,,2013-09-16 12:00,2013-09-30 16:00,2013-09-16 12:00,2013-09-30 16:00,2013-09-16 12:00,2013-09-30 16:00,2013-09-16 12:00,2013-09-30 16:00,,PT_Normal,,,,,NdRv+yWCW0G656oEZI330w,,,,Y,0,0,,,2013-08-03 16:43,2013-09-14 22:01,admin,admin,
106222,4680,26186,6690,0,N,N,N,CP_Drtn,TT_Task,DT_FixedDUR2,TK_NotStart,20,REPLACMENT LAYER,10566,0,0,70,0,1500,1500,70,0,0,0,,,,2013-10-01 08:00,2013-10-10 14:00,,2013-10-01 08:00,2013-10-10 14:00,2013-10-01 08:00,2013-10-10 14:00,2013-10-01 08:00,2013-10-10 14:00,2013-10-01 08:00,2013-10-10 14:00,,PT_Normal,,,,,OER4hqtcIUO58BPf9FXkag,,,,Y,0,0,,,2013-08-03 16:51,2013-09-14 22:01,admin,admin,
106223,4680,26186,6690,0,N,N,N,CP_Drtn,TT_Task,DT_FixedDUR2,TK_NotStart,30,BACKFILL,,0,0,50,0,0,0,50,96,0,96,,,,2013-11-26 14:00,2013-12-04 16:00,,2013-11-26 14:00,2013-12-04 16:00,2013-11-26 14:00,2013-12-04 16:00,2013-11-26 14:00,2013-12-04 16:00,2013-11-26 14:00,2013-12-04 16:00,,PT_Normal,,,,,J6FITstXFUm0WN55H0M1UQ,,,,Y,0,0,,,2013-08-03 16:51,2013-09-14 22:01,admin,admin,
106224,4680,26186,6690,0,N,N,N,CP_Drtn,TT_Task,DT_FixedDUR2,TK_NotStart,40,P.C,10557,0,0,70,0,255,255,70,0,0,0,,,,2013-10-10 14:00,2013-10-21 12:00,,2013-10-10 14:00,2013-10-21 12:00,2013-10-10 14:00,2013-10-21 12:00,2013-10-10 14:00,2013-10-21 12:00,2013-10-10 14:00,2013-10-21 12:00,,PT_Normal,,,,,gmVE/blAnkGDJuBObsGs2w,,,,Y,0,0,,,2013-08-03 16:51,2013-09-14 22:01,admin,admin,
106225,4680,26186,6690,0,N,N,N,CP_Drtn,TT_Task,DT_FixedDUR2,TK_NotStart,50,R.C,10557,0,0,120,0,933,933,120,0,0,0,,,,2013-10-21 12:00,2013-11-07 12:00,,2013-10-21 12:00,2013-11-07 12:00,2013-10-21 12:00,2013-11-07 12:00,2013-10-21 12:00,2013-11-07 12:00,2013-10-21 12:00,2013-11-07 12:00,,PT_Normal,,,,,g1TK0lw77EmN666hANXhkg,,,,Y,0,0,,,2013-08-03 16:51,2013-09-14 22:01,admin,admin,
106226,4680,26186,6690,0,N,N,N,CP_Drtn,TT_Task,DT_FixedDUR2,TK_NotStart,60,NECK COLUMN,10557,0,0,70,0,9933,9933,70,0,0,0,,,,2013-11-07 12:00,2013-11-18 10:00,,2013-11-07 12:00,2013-11-18 10:00,2013-11-07 12:00,2013-11-18 10:00,2013-11-07 12:00,2013-11-18 10:00,2013-11-07 12:00,2013-11-18 10:00,,PT_Normal,,,,,FQX9aRdj0U29Lo04eIANZQ,,,,Y,0,0,,,2013-08-03 16:51,2013-09-14 22:01,admin,admin,
106227,4680,26186,6690,0,N,N,N,CP_Drtn,TT_Task,DT_FixedDUR2,TK_NotStart,70,SLAB ON GRADE,10558,0,0,20,0,22,22,20,0,0,0,,,,2013-12-05 08:00,2013-12-08 12:00,,2013-12-05 08:00,2013-12-08 12:00,2013-12-05 08:00,2013-12-08 12:00,2013-12-05 08:00,2013-12-08 12:00,2013-12-05 08:00,2013-12-08 12:00,,PT_Normal,,,,,jPbqAMF5K0KAn/6PMibYOQ,,,,Y,0,0,,,2013-08-03 16:51,2013-09-14 22:01,admin,admin,
106228,4680,26186,6690,0,N,N,N,CP_Drtn,TT_Task,DT_FixedDUR2,TK_NotStart,80,DAMP PROOFING,10606,0,0,20,0,4,4,20,0,0,0,,,,2013-11-23 08:00,2013-11-25 12:00,,2013-11-23 08:00,2013-11-25 12:00,2013-11-23 08:00,2013-11-25 12:00,2013-11-23 08:00,2013-11-25 12:00,2013-11-23 08:00,2013-11-25 12:00,,PT_Normal,,,,,8wsv9cg29k+3feRpYPew3Q,,,,Y,0,0,,,2013-08-03 16:51,2013-09-14 22:01,admin,admin,
106229,4680,26186,6690,0,N,N,N,CP_Drtn,TT_Task,DT_FixedDUR2,TK_NotStart,90,INSULATION,10562,0,0,10,0,255,255,10,0,0,0,,,,2013-11-25 12:00,2013-11-26 14:00,,2013-11-25 12:00,2013-11-26 14:00,2013-11-25 12:00,2013-11-26 14:00,2013-11-25 12:00,2013-11-26 14:00,2013-11-25 12:00,2013-11-26 14:00,,PT_Normal,,,,,uMt4qmbLYEe5NPpe555Z4A,,,,Y,0,0,,,2013-08-03 16:51,2013-09-14 22:01,admin,admin,
106230,4680,26186,6690,0,N,N,N,CP_Drtn,TT_Task,DT_FixedDUR2,TK_NotStart,100,BRICK WORK,10564,0,0,30,0,22,22,30,0,0,0,,,,2013-11-18 10:00,2013-11-21 16:00,,2013-11-18 10:00,2013-11-21 16:00,2013-11-18 10:00,2013-11-21 16:00,2013-11-18 10:00,2013-11-21 16:00,2013-11-18 10:00,2013-11-21 16:00,,PT_Normal,,,,,2qsxBkKo4k2BmgZAgPUmYg,,,,Y,0,0,,,2013-08-03 16:51,2013-09-14 22:01,admin,admin,
106231,4680,26186,6690,0,N,N,N,CP_Drtn,TT_Task,DT_FixedDUR2,TK_NotStart,110,BASEMENT COLUMN,10558,0,0,70,0,79,79,70,0,0,0,,,,2013-12-08 12:00,2013-12-18 10:00,,2013-12-08 12:00,2013-12-18 10:00,2013-12-08 12:00,2013-12-18 10:00,2013-12-08 12:00,2013-12-18 10:00,2013-12-08 12:00,2013-12-18 10:00,,PT_Normal,,,,,Z5kFqDv7j0WVo84W6MJNhA,,,,Y,0,0,,,2013-08-03 16:51,2013-09-14 22:01,admin,admin,
106232,4680,26186,6690,0,N,N,N,CP_Drtn,TT_Task,DT_FixedDUR2,TK_NotStart,120,BASEMENT SLAB,10557,0,0,100,0,399,399,100,0,0,0,,,,2013-12-18 10:00,2014-01-02 14:00,,2013-12-18 10:00,2014-01-02 14:00,2013-12-18 10:00,2014-01-02 14:00,2013-12-18 10:00,2014-01-02 14:00,2013-12-18 10:00,2014-01-02 14:00,,PT_Normal,,,,,PaQvmWcHC0ugWRPQSkgu8A,,,,Y,0,0,,,2013-08-03 16:51,2013-09-14 22:01,admin,admin,
106233,4680,26186,6690,0,N,N,N,CP_Drtn,TT_Task,DT_FixedDUR2,TK_NotStart,130,GROUND COLUMN,10557,0,0,70,0,135,135,70,0,0,0,,,,2014-01-02 14:00,2014-01-13 12:00,,2014-01-02 14:00,2014-01-13 12:00,2014-01-02 14:00,2014-01-13 12:00,2014-01-02 14:00,2014-01-13 12:00,2014-01-02 14:00,2014-01-13 12:00,,PT_Normal,,,,,Yw8auPr0xUGbCOO3Qk2JWA,,,,Y,0,0,,,2013-08-03 16:51,2013-09-14 22:01,admin,admin,
106234,4680,26186,6690,0,N,N,N,CP_Drtn,TT_Task,DT_FixedDUR2,TK_NotStart,140,GROUND SLAB,10557,0,0,110,0,369,369,110,0,0,0,,,,2014-01-13 12:00,2014-01-29 10:00,,2014-01-13 12:00,2014-01-29 10:00,2014-01-13 12:00,2014-01-29 10:00,2014-01-13 12:00,2014-01-29 10:00,2014-01-13 12:00,2014-01-29 10:00,,PT_Normal,,,,,Tque+JIuMUaGWl5m0JIIbw,,,,Y,0,0,,,2013-08-03 16:51,2013-09-14 22:01,admin,admin,
106235,4680,26186,6690,0,N,N,N,CP_Drtn,TT_Task,DT_FixedDUR2,TK_NotStart,150,1ST FLOOR COLUMN,10557,90,0,70,0,104,104,70,0,0,0,,,,2014-02-11 12:00,2014-02-22 10:00,,2014-01-29 10:00,2014-02-08 16:00,2014-01-29 10:00,2014-02-08 16:00,2014-01-29 10:00,2014-02-08 16:00,2014-02-11 12:00,2014-02-22 10:00,,PT_Normal,,,,,KaVz2yCP3Ue6CyFQDoVhNw,,,,N,0,0,,,2013-08-03 16:51,2013-09-14 22:01,admin,admin,
106236,4680,26186,6690,0,N,N,N,CP_Drtn,TT_Task,DT_FixedDUR2,TK_NotStart,160,1ST FLOOR SLAB,10558,90,0,100,0,385,385,100,0,0,0,,,,2014-02-22 10:00,2014-03-08 14:00,,2014-02-09 08:00,2014-02-23 12:00,2014-02-09 08:00,2014-02-23 12:00,2014-02-09 08:00,2014-02-23 12:00,2014-02-22 10:00,2014-03-08 14:00,,PT_Normal,,,,,s6/2erBkAkOOCGRRmHvOww,,,,N,0,0,,,2013-08-03 16:51,2013-09-14 22:01,admin,admin,
106237,4680,26186,6690,0,N,N,N,CP_Drtn,TT_Task,DT_FixedDUR2,TK_NotStart,170,2ND FLOOR COLUMN,10557,180,0,70,0,70,70,70,0,0,0,,,,2014-03-22 08:00,2014-03-31 14:00,,2014-02-23 12:00,2014-03-05 10:00,2014-02-23 12:00,2014-03-05 10:00,2014-02-23 12:00,2014-03-05 10:00,2014-03-22 08:00,2014-03-31 14:00,,PT_Normal,,,,,hS9QXAYCoUGIZEsj/GH3wA,,,,N,0,0,,,2013-08-03 16:51,2013-09-14 22:01,admin,admin,
106238,4680,26186,6690,0,N,N,N,CP_Drtn,TT_Task,DT_FixedDUR2,TK_NotStart,180,2ND FLOOR SLAB,10557,180,0,100,0,489,489,100,0,0,0,,,,2014-03-31 14:00,2014-04-15 10:00,,2014-03-05 10:00,2014-03-19 14:00,2014-03-05 10:00,2014-03-19 14:00,2014-03-05 10:00,2014-03-19 14:00,2014-03-31 14:00,2014-04-15 10:00,,PT_Normal,,,,,7hW8ihpySk2pM/O83rvmVg,,,,N,0,0,,,2013-08-03 16:51,2013-09-14 22:01,admin,admin,
106239,4680,26186,6690,0,N,N,N,CP_Drtn,TT_Task,DT_FixedDUR2,TK_NotStart,190,3RD FLOOR COLUMN,10557,270,0,70,0,62,62,70,0,0,0,,,,2014-04-28 12:00,2014-05-08 10:00,,2014-03-19 14:00,2014-03-30 12:00,2014-03-19 14:00,2014-03-30 12:00,2014-03-19 14:00,2014-03-30 12:00,2014-04-28 12:00,2014-05-08 10:00,,PT_Normal,,,,,oOL4s+hbiEG9Qy7wvm3Xsw,,,,N,0,0,,,2013-08-03 16:51,2013-09-14 22:01,admin,admin,
106240,4680,26186,6690,0,N,N,N,CP_Drtn,TT_Task,DT_FixedDUR2,TK_NotStart,200,3RD FLOOR SLAB,10557,270,0,100,0,327,327,100,0,0,0,,,,2014-05-08 10:00,2014-05-22 14:00,,2014-03-30 12:00,2014-04-13 16:00,2014-03-30 12:00,2014-04-13 16:00,2014-03-30 12:00,2014-04-13 16:00,2014-05-08 10:00,2014-05-22 14:00,,PT_Normal,,,,,epriZ8TaREWIqEjEA7zqpw,,,,N,0,0,,,2013-08-03 16:51,2013-09-14 22:01,admin,admin,
106241,4680,26186,6690,0,N,N,N,CP_Drtn,TT_Task,DT_FixedDUR2,TK_NotStart,210,ROOF FLOOR COLUMN,10558,460,0,50,0,39,39,50,0,0,0,,,,2014-06-19 12:00,2014-06-26 14:00,,2014-04-14 08:00,2014-04-21 10:00,2014-04-14 08:00,2014-04-21 10:00,2014-04-14 08:00,2014-04-21 10:00,2014-06-19 12:00,2014-06-26 14:00,,PT_Normal,,,,,bZ3/H3z7xUaRg9YUTQUm6w,,,,N,0,0,,,2013-08-03 16:51,2013-09-14 22:01,admin,admin,
106242,4680,26186,6690,0,N,N,N,CP_Drtn,TT_Task,DT_FixedDUR2,TK_NotStart,220,ROOF FLOOR SLAB,10558,460,0,50,0,39,39,50,0,0,0,,,,2014-06-26 14:00,2014-07-03 16:00,,2014-04-21 10:00,2014-04-28 12:00,2014-04-21 10:00,2014-04-28 12:00,2014-04-21 10:00,2014-04-28 12:00,2014-06-26 14:00,2014-07-03 16:00,,PT_Normal,,,,,+e14J44HzUeSKz1T+79d8Q,,,,N,0,0,,,2013-08-03 16:51,2013-09-14 22:01,admin,admin,
106243,4680,26186,6690,0,N,N,N,CP_Drtn,TT_Task,DT_FixedDUR2,TK_NotStart,230,B. FLOOR MASONARY WORK,10564,0,0,30,0,1306,1306,30,0,0,0,,,,2014-01-29 10:00,2014-02-02 16:00,,2014-01-29 10:00,2014-02-02 16:00,2014-01-29 10:00,2014-02-02 16:00,2014-01-29 10:00,2014-02-02 16:00,2014-01-29 10:00,2014-02-02 16:00,,PT_Normal,,,,,sVw2iSRPyk6j3zwqcGLgkQ,,,,Y,0,0,,,2013-08-03 16:51,2013-09-14 22:01,admin,admin,
106244,4680,26186,6690,0,N,N,N,CP_Drtn,TT_Task,DT_FixedDUR2,TK_NotStart,240,WINDOWS&DOORS,,330,0,140,0,0,0,140,0,0,0,,,,2014-03-23 10:00,2014-04-12 14:00,,2014-02-03 08:00,2014-02-23 12:00,2014-02-03 08:00,2014-02-23 12:00,2014-02-03 08:00,2014-02-23 12:00,2014-03-23 10:00,2014-04-12 14:00,,PT_Normal,,,,,twKxEhbX00mj0SgZwLtsCA,,,,N,0,0,,,2013-08-03 16:51,2013-09-14 22:01,admin,admin,
106245,4680,26186,6690,0,N,N,N,CP_Drtn,TT_Task,DT_FixedDUR2,TK_NotStart,250,PLASTER,10572,0,0,140,0,1103,1103,140,0,0,0,,,,2014-02-12 14:00,2014-03-05 10:00,,2014-02-12 14:00,2014-03-05 10:00,2014-02-12 14:00,2014-03-05 10:00,2014-02-12 14:00,2014-03-05 10:00,2014-02-12 14:00,2014-03-05 10:00,,PT_Normal,,,,,NR+4POwq40qmrtuYFYG+ZA,,,,Y,0,0,,,2013-08-03 16:51,2013-09-14 22:01,admin,admin,
106246,4680,26186,6690,0,N,N,N,CP_Drtn,TT_Task,DT_FixedDUR2,TK_NotStart,260,CERMIC,10573,2040,0,50,0,161,161,50,0,0,0,,,,2014-12-07 14:00,2014-12-14 16:00,,2014-02-12 14:00,2014-02-19 16:00,2014-02-12 14:00,2014-02-19 16:00,2014-02-12 14:00,2014-02-19 16:00,2014-12-07 14:00,2014-12-14 16:00,,PT_Normal,,,,,F88MvVGZWk+TupRS1fwndw,,,,N,0,0,,,2013-08-03 16:51,2013-09-14 22:01,admin,admin,
106247,4680,26186,6690,0,N,N,N,CP_Drtn,TT_Task,DT_FixedDUR2,TK_NotStart,270,INTIAL PAINTING,10577,450,0,120,0,675,675,120,0,0,0,,,,2014-06-21 14:00,2014-07-08 14:00,,2014-04-16 12:00,2014-05-04 12:00,2014-04-16 12:00,2014-05-04 12:00,2014-04-16 12:00,2014-05-04 12:00,2014-06-21 14:00,2014-07-08 14:00,,PT_Normal,,,,,ee66gq9CrEygMVUrl3eTQg,,,,N,0,0,,,2013-08-03 16:51,2013-09-14 22:01,admin,admin,
106248,4680,26186,6690,0,N,N,N,CP_Drtn,TT_Task,DT_FixedDUR2,TK_NotStart,280,GR. FLOOR MASONARY WORK,10564,50,0,90,0,1087,1087,90,0,0,0,,,,2014-02-10 10:00,2014-02-23 12:00,,2014-02-03 08:00,2014-02-16 10:00,2014-02-03 08:00,2014-02-16 10:00,2014-02-03 08:00,2014-02-16 10:00,2014-02-10 10:00,2014-02-23 12:00,,PT_Normal,,,,,Ciu/5J52UEahWMoo9pkB9w,,,,N,0,0,,,2013-08-03 16:51,2013-09-14 22:01,admin,admin,
106249,4680,26186,6690,0,N,N,N,CP_Drtn,TT_Task,DT_FixedDUR2,TK_NotStart,290,WINDOWS&DOORS,,330,0,140,0,0,0,140,0,0,0,,,,2014-04-12 14:00,2014-05-03 10:00,,2014-02-23 12:00,2014-03-15 16:00,2014-02-23 12:00,2014-03-15 16:00,2014-02-23 12:00,2014-03-15 16:00,2014-04-12 14:00,2014-05-03 10:00,,PT_Normal,,,,,XP2xOswtI0C0Fog0wBVZZg,,,,N,0,0,,,2013-08-03 16:51,2013-09-14 22:01,admin,admin,
106250,4680,26186,6690,0,N,N,N,CP_Drtn,TT_Task,DT_FixedDUR2,TK_NotStart,300,PLASTER,10572,0,0,200,0,2098,2098,200,0,0,0,,,,2014-03-05 10:00,2014-04-03 10:00,,2014-03-05 10:00,2014-04-03 10:00,2014-03-05 10:00,2014-04-03 10:00,2014-03-05 10:00,2014-04-03 10:00,2014-03-05 10:00,2014-04-03 10:00,,PT_Normal,,,,,6LmQ7qVUykGaMQ4BPIZXlA,,,,Y,0,0,,,2013-08-03 16:51,2013-09-14 22:01,admin,admin,
106251,4680,26186,6690,0,N,N,N,CP_Drtn,TT_Task,DT_FixedDUR2,TK_NotStart,310,MATEL LATH,10579,450,0,40,0,34,34,40,0,0,0,,,,2014-06-15 14:00,2014-06-21 14:00,,2014-04-10 12:00,2014-04-16 12:00,2014-04-10 12:00,2014-04-16 12:00,2014-04-10 12:00,2014-04-16 12:00,2014-06-15 14:00,2014-06-21 14:00,,PT_Normal,,,,,N3unZqfDtEOMaLX5dYVIFA,,,,N,0,0,,,2013-08-03 16:51,2013-09-14 22:01,admin,admin,
106252,4680,26186,6690,0,N,N,N,CP_Drtn,TT_Task,DT_FixedDUR2,TK_NotStart,320,CERMIC,10574,2040,0,100,0,321,321,100,0,0,0,,,,2014-12-15 08:00,2014-12-29 12:00,,2014-02-20 08:00,2014-03-06 12:00,2014-02-20 08:00,2014-03-06 12:00,2014-02-20 08:00,2014-03-06 12:00,2014-12-15 08:00,2014-12-29 12:00,,PT_Normal,,,,,/RHu+NJolESlQrWTWdXWXg,,,,N,0,0,,,2013-08-03 16:51,2013-09-14 22:01,admin,admin,
106253,4680,26186,6690,0,N,N,N,CP_Drtn,TT_Task,DT_FixedDUR2,TK_NotStart,330,INTIAL PAINTING,10577,330,0,200,0,1119,1119,200,0,0,0,,,,2014-07-10 08:00,2014-08-07 16:00,,2014-05-22 14:00,2014-06-21 14:00,2014-05-22 14:00,2014-06-21 14:00,2014-05-22 14:00,2014-06-21 14:00,2014-07-10 08:00,2014-08-07 16:00,,PT_Normal,,,,,fSDjXQyg8UqhuOJJy1BA1g,,,,N,0,0,,,2013-08-03 16:51,2013-09-14 22:01,admin,admin,
106254,4680,26186,6690,0,N,N,N,CP_Drtn,TT_Task,DT_FixedDUR2,TK_Active,340,1ST FLOOR MASONARY WORK,10564,90,0,110,8000,67,1079,110,0,0,0,,2014-02-23 12:00,,2014-03-08 14:00,2014-03-24 12:00,,2014-02-23 12:00,2014-03-11 10:00,2014-02-23 12:00,2014-03-11 10:00,2014-02-23 12:00,2014-03-11 10:00,2014-03-08 14:00,2014-03-24 12:00,,PT_Normal,,,,,XVlasn7EnUiKAAoI/YckkQ,,,,N,8000,0,,,2013-08-03 16:51,2013-09-17 20:01,admin,NotPrmUser,
106255,4680,26186,6690,0,N,N,N,CP_Drtn,TT_Task,DT_FixedDUR2,TK_NotStart,350,WINDOWS&DOORS,,330,0,140,0,0,0,140,0,0,0,,,,2014-05-03 10:00,2014-05-22 14:00,,2014-03-16 08:00,2014-04-05 12:00,2014-03-16 08:00,2014-04-05 12:00,2014-03-16 08:00,2014-04-05 12:00,2014-05-03 10:00,2014-05-22 14:00,,PT_Normal,,,,,+vOIz/ZwOkG+LEtKllLQcw,,,,N,0,0,,,2013-08-03 16:51,2013-09-14 22:01,admin,admin,
106256,4680,26186,6690,0,N,N,N,CP_Drtn,TT_Task,DT_FixedDUR2,TK_NotStart,360,PLASTER,10572,0,0,250,0,2960,2960,250,0,0,0,,,,2014-04-03 10:00,2014-05-10 12:00,,2014-04-03 10:00,2014-05-10 12:00,2014-04-03 10:00,2014-05-10 12:00,2014-04-03 10:00,2014-05-10 12:00,2014-04-03 10:00,2014-05-10 12:00,,PT_Normal,,,,,cUtBF7m2vUSM4LMoJswjTg,,,,Y,0,0,,,2013-08-03 16:51,2013-09-14 22:01,admin,admin,
106257,4680,26186,6690,0,N,N,N,CP_Drtn,TT_Task,DT_FixedDUR2,TK_NotStart,370,MATEL LATH,10579,330,0,40,0,42,42,40,0,0,0,,,,2014-07-05 08:00,2014-07-09 16:00,,2014-05-17 14:00,2014-05-22 14:00,2014-05-17 14:00,2014-05-22 14:00,2014-05-17 14:00,2014-05-22 14:00,2014-07-05 08:00,2014-07-09 16:00,,PT_Normal,,,,,89V/A/tpMkaqE8Ztpa5DOQ,,,,N,0,0,,,2013-08-03 16:51,2013-09-14 22:01,admin,admin,
106258,4680,26186,6690,0,N,N,N,CP_Drtn,TT_Task,DT_FixedDUR2,TK_NotStart,380,CERMIC,10574,1940,0,100,0,338,338,100,0,0,0,,,,2014-12-29 12:00,2015-01-12 16:00,,2014-03-22 08:00,2014-04-05 12:00,2014-03-22 08:00,2014-04-05 12:00,2014-03-22 08:00,2014-04-05 12:00,2014-12-29 12:00,2015-01-12 16:00,,PT_Normal,,,,,xrYIlZcdPUOQENvsis3Rng,,,,N,0,0,,,2013-08-03 16:51,2013-09-14 22:01,admin,admin,
106259,4680,26186,6690,0,N,N,N,CP_Drtn,TT_Task,DT_FixedDUR2,TK_NotStart,390,INTIAL PAINTING,10577,290,0,150,0,1620,1620,150,0,0,0,,,,2014-08-11 12:00,2014-09-02 10:00,,2014-06-30 10:00,2014-07-21 16:00,2014-06-30 10:00,2014-07-21 16:00,2014-06-30 10:00,2014-07-21 16:00,2014-08-11 12:00,2014-09-02 10:00,,PT_Normal,,,,,7qqUzYYW1UmD81sLWz4CpA,,,,N,0,0,,,2013-08-03 16:51,2013-09-14 22:01,admin,admin,
106260,4680,26186,6690,0,N,N,N,CP_Drtn,TT_Task,DT_FixedDUR2,TK_NotStart,400,2ND FLOOR MASONARY WORK,10564,180,0,100,0,1214,1214,100,0,0,0,,,,2014-04-15 10:00,2014-04-29 14:00,,2014-03-19 14:00,2014-04-03 10:00,2014-03-19 14:00,2014-04-03 10:00,2014-03-19 14:00,2014-04-03 10:00,2014-04-15 10:00,2014-04-29 14:00,,PT_Normal,,,,,sOkV7YO+kkCEpQKfSZOJqg,,,,N,0,0,,,2013-08-03 16:51,2013-09-14 22:01,admin,admin,
106261,4680,26186,6690,0,N,N,N,CP_Drtn,TT_Task,DT_FixedDUR2,TK_NotStart,410,WINDOWS&DOORS,,330,0,140,0,0,0,140,0,0,0,,,,2014-05-22 14:00,2014-06-12 10:00,,2014-04-05 12:00,2014-04-24 16:00,2014-04-05 12:00,2014-04-24 16:00,2014-04-05 12:00,2014-04-24 16:00,2014-05-22 14:00,2014-06-12 10:00,,PT_Normal,,,,,IVEq8G23RUWSJmpTI6qFkw,,,,N,0,0,,,2013-08-03 16:51,2013-09-14 22:01,admin,admin,
106262,4680,26186,6690,0,N,N,N,CP_Drtn,TT_Task,DT_FixedDUR2,TK_NotStart,420,PLASTER,10572,0,0,260,0,3076,3076,260,0,0,0,,,,2014-05-10 12:00,2014-06-16 16:00,,2014-05-10 12:00,2014-06-16 16:00,2014-05-10 12:00,2014-06-16 16:00,2014-05-10 12:00,2014-06-16 16:00,2014-05-10 12:00,2014-06-16 16:00,,PT_Normal,,,,,oUlpxRLcoU2qTHyYn6vJTA,,,,Y,0,0,,,2013-08-03 16:51,2013-09-14 22:01,admin,admin,
106263,4680,26186,6690,0,N,N,N,CP_Drtn,TT_Task,DT_FixedDUR2,TK_NotStart,430,MATEL LATH,10579,290,0,40,0,46,46,40,0,0,0,,,,2014-08-05 12:00,2014-08-11 12:00,,2014-06-24 10:00,2014-06-30 10:00,2014-06-24 10:00,2014-06-30 10:00,2014-06-24 10:00,2014-06-30 10:00,2014-08-05 12:00,2014-08-11 12:00,,PT_Normal,,,,,nWRNXyheHUmKOznPtHSYRw,,,,N,0,0,,,2013-08-03 16:51,2013-09-14 22:01,admin,admin,
106264,4680,26186,6690,0,N,N,N,CP_Drtn,TT_Task,DT_FixedDUR2,TK_NotStart,440,CERMIC,10574,1880,0,100,0,470,470,100,0,0,0,,,,2015-01-13 08:00,2015-01-27 12:00,,2014-04-14 08:00,2014-04-28 12:00,2014-04-14 08:00,2014-04-28 12:00,2014-04-14 08:00,2014-04-28 12:00,2015-01-13 08:00,2015-01-27 12:00,,PT_Normal,,,,,Lfg6IK1rAESus8Ad+zaWoQ,,,,N,0,0,,,2013-08-03 16:51,2013-09-14 22:01,admin,admin,
106265,4680,26186,6690,0,N,N,N,CP_Drtn,TT_Task,DT_FixedDUR2,TK_NotStart,450,INTIAL PAINTING,10577,210,0,160,0,18601,18601,160,0,0,0,,,,2014-09-02 10:00,2014-09-25 10:00,,2014-08-03 08:00,2014-08-25 16:00,2014-08-03 08:00,2014-08-25 16:00,2014-08-03 08:00,2014-08-25 16:00,2014-09-02 10:00,2014-09-25 10:00,,PT_Normal,,,,,0CxSLSCEGEGFYHV8Ro3zHg,,,,N,0,0,,,2013-08-03 16:51,2013-09-14 22:01,admin,admin,
106266,4680,26186,6690,0,N,N,N,CP_Drtn,TT_Task,DT_FixedDUR2,TK_NotStart,460,3RD FLOOR MASONARY WORK,10564,270,0,100,0,1377,1377,100,0,0,0,,,,2014-05-22 14:00,2014-06-07 10:00,,2014-04-14 08:00,2014-04-28 12:00,2014-04-14 08:00,2014-04-28 12:00,2014-04-14 08:00,2014-04-28 12:00,2014-05-22 14:00,2014-06-07 10:00,,PT_Normal,,,,,sGq4N4olhU+jKQaHP9aZwA,,,,N,0,0,,,2013-08-03 16:51,2013-09-14 22:01,admin,admin,
106267,4680,26186,6690,0,N,N,N,CP_Drtn,TT_Task,DT_FixedDUR2,TK_NotStart,470,WINDOWS&DOORS,,310,0,140,0,0,0,140,0,0,0,,,,2014-06-12 10:00,2014-07-02 14:00,,2014-04-28 12:00,2014-05-18 16:00,2014-04-28 12:00,2014-05-18 16:00,2014-04-28 12:00,2014-05-18 16:00,2014-06-12 10:00,2014-07-02 14:00,,PT_Normal,,,,,RFzEJYtz+kGaBMbRDXMq9Q,,,,N,0,0,,,2013-08-03 16:51,2013-09-14 22:01,admin,admin,
106268,4680,26186,6690,0,N,N,N,CP_Drtn,TT_Task,DT_FixedDUR2,TK_NotStart,480,PLASTER,10572,0,0,230,0,2646,2646,230,0,0,0,,,,2014-06-17 08:00,2014-07-20 14:00,,2014-06-17 08:00,2014-07-20 14:00,2014-06-17 08:00,2014-07-20 14:00,2014-06-17 08:00,2014-07-20 14:00,2014-06-17 08:00,2014-07-20 14:00,,PT_Normal,,,,,QCu6QnEJ4EeP/g8F/U8Gvw,,,,Y,0,0,,,2013-08-03 16:51,2013-09-14 22:01,admin,admin,
106269,4680,26186,6690,0,N,N,N,CP_Drtn,TT_Task,DT_FixedDUR2,TK_NotStart,490,MATEL LATH,10579,210,0,40,0,39,39,40,0,0,0,,,,2014-08-27 10:00,2014-09-02 10:00,,2014-07-28 08:00,2014-08-02 16:00,2014-07-28 08:00,2014-08-02 16:00,2014-07-28 08:00,2014-08-02 16:00,2014-08-27 10:00,2014-09-02 10:00,,PT_Normal,,,,,yv4KPt+LpkC8ashFhuNLbQ,,,,N,0,0,,,2013-08-03 16:51,2013-09-14 22:01,admin,admin,
106270,4680,26186,6690,0,N,N,N,CP_Drtn,TT_Task,DT_FixedDUR2,TK_NotStart,500,CERMIC,10574,1810,0,110,0,428,428,110,0,0,0,,,,2015-01-27 12:00,2015-02-12 10:00,,2014-05-08 10:00,2014-05-24 16:00,2014-05-08 10:00,2014-05-24 16:00,2014-05-08 10:00,2014-05-24 16:00,2015-01-27 12:00,2015-02-12 10:00,,PT_Normal,,,,,JGRiJdzwZUWily6G+7J4Vg,,,,N,0,0,,,2013-08-03 16:51,2013-09-14 22:01,admin,admin,
106271,4680,26186,6690,0,N,N,N,CP_Drtn,TT_Task,DT_FixedDUR2,TK_NotStart,510,INTIAL PAINTING,10577,210,0,90,0,254,254,90,0,0,0,,,,2014-09-25 10:00,2014-10-08 12:00,,2014-08-26 08:00,2014-09-08 10:00,2014-08-26 08:00,2014-09-08 10:00,2014-08-26 08:00,2014-09-08 10:00,2014-09-25 10:00,2014-10-08 12:00,,PT_Normal,,,,,AQtNUCFyG0i9mqPISVucmg,,,,N,0,0,,,2013-08-03 16:51,2013-09-14 22:01,admin,admin,
106272,4680,26186,6690,0,N,N,N,CP_Drtn,TT_Task,DT_FixedDUR2,TK_NotStart,520,ROOF FLOOR MASONARY WORK,10564,460,50,20,0,187,187,20,0,0,0,,,,2014-07-05 08:00,2014-07-07 12:00,,2014-04-28 12:00,2014-04-30 16:00,2014-04-28 12:00,2014-04-30 16:00,2014-04-28 12:00,2014-04-30 16:00,2014-07-05 08:00,2014-07-07 12:00,,PT_Normal,,,,,1Apqx9E1zUO7cI1isMRHyg,,,,N,0,0,,,2013-08-03 16:51,2013-09-14 22:01,admin,admin,
106273,4680,26186,6690,0,N,N,N,CP_Drtn,TT_Task,DT_FixedDUR2,TK_NotStart,530,WINDOWS&DOORS,,340,30,70,0,0,0,70,0,0,0,,,,2014-07-07 12:00,2014-07-17 10:00,,2014-05-19 08:00,2014-05-28 14:00,2014-05-19 08:00,2014-05-28 14:00,2014-05-19 08:00,2014-05-28 14:00,2014-07-07 12:00,2014-07-17 10:00,,PT_Normal,,,,,vfvMjmwRPUO0A7lXvdu8XA,,,,N,0,0,,,2013-08-03 16:51,2013-09-14 22:01,admin,admin,
106274,4680,26186,6690,0,N,N,N,CP_Drtn,TT_Task,DT_FixedDUR2,TK_NotStart,540,PLASTER,10572,0,0,80,0,880,880,80,0,0,0,,,,2014-07-20 14:00,2014-07-31 14:00,,2014-07-20 14:00,2014-07-31 14:00,2014-07-20 14:00,2014-07-31 14:00,2014-07-20 14:00,2014-07-31 14:00,2014-07-20 14:00,2014-07-31 14:00,,PT_Normal,,,,,SxcqkchfwUOU36UwCXdWTw,,,,Y,0,0,,,2013-08-03 16:51,2013-09-14 22:01,admin,admin,
106275,4680,26186,6690,0,N,N,N,CP_Drtn,TT_Task,DT_FixedDUR2,TK_NotStart,550,MATEL LATH,10579,290,80,40,0,25,25,40,0,0,0,,,,2014-09-20 10:00,2014-09-25 10:00,,2014-08-09 08:00,2014-08-13 16:00,2014-08-09 08:00,2014-08-13 16:00,2014-08-09 08:00,2014-08-13 16:00,2014-09-20 10:00,2014-09-25 10:00,,PT_Normal,,,,,+NQrSfuCDEibEqeZihh6Ig,,,,N,0,0,,,2013-08-03 16:51,2013-09-14 22:01,admin,admin,
106276,4680,26186,6690,0,N,N,N,CP_Drtn,TT_Task,DT_FixedDUR2,TK_NotStart,560, PROOFING,10583,1050,0,40,0,567,567,40,0,0,0,,,,2015-01-01 08:00,2015-01-06 16:00,,2014-07-31 14:00,2014-08-06 14:00,2014-07-31 14:00,2014-08-06 14:00,2014-07-31 14:00,2014-08-06 14:00,2015-01-01 08:00,2015-01-06 16:00,,PT_Normal,,,,,TWTU34LaN0u/Lr1/bO4XxQ,,,,N,0,0,,,2013-08-03 16:51,2013-09-14 22:01,admin,admin,
106277,4680,26186,6690,0,N,N,N,CP_Drtn,TT_Task,DT_FixedDUR2,TK_NotStart,570,THERMAL INSULATION,10606,1050,0,40,0,15,15,40,0,0,0,,,,2015-01-07 08:00,2015-01-12 16:00,,2014-08-06 14:00,2014-08-12 14:00,2014-08-06 14:00,2014-08-12 14:00,2014-08-06 14:00,2014-08-12 14:00,2015-01-07 08:00,2015-01-12 16:00,,PT_Normal,,,,,hmn8c0cuOUKqs7I+3p2inw,,,,N,0,0,,,2013-08-03 16:51,2013-09-14 22:01,admin,admin,
106278,4680,26186,6690,0,N,N,N,CP_Drtn,TT_Task,DT_FixedDUR2,TK_NotStart,580,P. C. SCREED,10603,1050,0,10,0,2,2,10,0,0,0,,,,2015-01-13 08:00,2015-01-14 10:00,,2014-08-12 14:00,2014-08-13 16:00,2014-08-12 14:00,2014-08-13 16:00,2014-08-12 14:00,2014-08-13 16:00,2015-01-13 08:00,2015-01-14 10:00,,PT_Normal,,,,,g9rLNbk0kUeOQ8KPhqxPQw,,,,N,0,0,,,2013-08-03 16:51,2013-09-14 22:01,admin,admin,
106279,4680,26186,6690,0,N,N,N,CP_Drtn,TT_Task,DT_FixedDUR2,TK_NotStart,590,PLASTER,10572,0,0,170,0,1516,1516,170,0,0,0,,,,2014-07-31 14:00,2014-08-25 16:00,,2014-07-31 14:00,2014-08-25 16:00,2014-07-31 14:00,2014-08-25 16:00,2014-07-31 14:00,2014-08-25 16:00,2014-07-31 14:00,2014-08-25 16:00,,PT_Normal,,,,,iKSddU2ZDU2JS4hmQBGfLA,,,,Y,0,0,,,2013-08-03 16:51,2013-09-14 22:01,admin,admin,
106280,4680,26186,6690,0,N,N,N,CP_Drtn,TT_Task,DT_FixedDUR2,TK_NotStart,600,CERETAL WORK,,1030,410,140,0,0,0,140,0,0,0,,,,2015-01-22 14:00,2015-02-12 10:00,,2014-08-26 08:00,2014-09-15 12:00,2014-08-26 08:00,2014-09-15 12:00,2014-08-26 08:00,2014-09-15 12:00,2015-01-22 14:00,2015-02-12 10:00,,PT_Normal,,,,,sSIhh6oH2UWuq1luqxmDkg,,,,N,0,0,,,2013-08-03 16:51,2013-09-14 22:01,admin,admin,
106281,4680,26186,6690,0,N,N,N,CP_Drtn,TT_Task,DT_FixedDUR2,TK_NotStart,610,PLASTER,10572,0,0,550,0,5667,5667,550,0,0,0,,,,2014-08-26 08:00,2014-11-13 14:00,,2014-08-26 08:00,2014-11-13 14:00,2014-08-26 08:00,2014-11-13 14:00,2014-08-26 08:00,2014-11-13 14:00,2014-08-26 08:00,2014-11-13 14:00,,PT_Normal,,,,,Iy+5RKM6P0G4JmedYGy1YA,,,,Y,0,0,,,2013-08-03 16:51,2013-09-14 22:01,admin,admin,
106282,4680,26186,6690,0,N,N,N,CP_Drtn,TT_Task,DT_FixedDUR2,TK_NotStart,620,RED TILES,10582,620,0,50,0,78,78,50,0,0,0,,,,2015-02-12 10:00,2015-02-19 12:00,,2014-11-13 14:00,2014-11-20 16:00,2014-11-13 14:00,2014-11-20 16:00,2014-11-13 14:00,2014-11-20 16:00,2015-02-12 10:00,2015-02-19 12:00,,PT_Normal,,,,,Un/4ZBwCL0iDqI8U/yNOeg,,,,N,0,0,,,2013-08-03 16:51,2013-09-14 22:01,admin,admin,
106283,4680,26186,6690,0,N,N,N,CP_Drtn,TT_Task,DT_FixedDUR2,TK_NotStart,630,WINDOWS&DOORS,,1000,0,140,0,0,0,140,0,0,0,,,,2014-09-27 12:00,2014-10-16 16:00,,2014-05-04 12:00,2014-05-24 16:00,2014-05-04 12:00,2014-05-24 16:00,2014-05-04 12:00,2014-05-24 16:00,2014-09-27 12:00,2014-10-16 16:00,,PT_Normal,,,,,zbRETJoPtEqOT8ljE9DqkQ,,,,N,0,0,,,2013-08-03 16:51,2013-09-14 22:01,admin,admin,
106284,4680,26186,6690,0,N,N,N,CP_Drtn,TT_Task,DT_FixedDUR2,TK_NotStart,640,PAINTING,10577,1000,0,100,0,675,675,100,0,0,0,,,,2014-10-18 08:00,2014-11-01 12:00,,2014-05-25 08:00,2014-06-08 12:00,2014-05-25 08:00,2014-06-08 12:00,2014-05-25 08:00,2014-06-08 12:00,2014-10-18 08:00,2014-11-01 12:00,,PT_Normal,,,,,pCT2QcjirEyO8Y1YTY/xmA,,,,N,0,0,,,2013-08-03 16:51,2013-09-14 22:01,admin,admin,
106285,4680,26186,6690,0,N,N,N,CP_Drtn,TT_Task,DT_FixedDUR2,TK_NotStart,650,WOODEN FLOORS,,450,0,70,0,0,0,70,0,0,0,,,,2014-08-09 08:00,2014-08-18 14:00,,2014-06-03 14:00,2014-06-14 12:00,2014-06-03 14:00,2014-06-14 12:00,2014-06-03 14:00,2014-06-14 12:00,2014-08-09 08:00,2014-08-18 14:00,,PT_Normal,,,,,JnQVJeI+30ODDLKIDT2GsQ,,,,N,0,0,,,2013-08-03 16:51,2013-09-14 22:01,admin,admin,
106286,4680,26186,6690,0,N,N,N,CP_Drtn,TT_Task,DT_FixedDUR2,TK_NotStart,660,MARBLE FLOORS,10582,450,0,100,0,304,304,100,0,0,0,,,,2014-08-09 08:00,2014-08-23 12:00,,2014-06-03 14:00,2014-06-18 10:00,2014-06-03 14:00,2014-06-18 10:00,2014-06-03 14:00,2014-06-18 10:00,2014-08-09 08:00,2014-08-23 12:00,,PT_Normal,,,,,1EV6KHvPPUW0GH5D6MjpWQ,,,,N,0,0,,,2013-08-03 16:51,2013-09-14 22:01,admin,admin,
106287,4680,26186,6690,0,N,N,N,CP_Drtn,TT_Task,DT_FixedDUR2,TK_NotStart,670,FINISHING FLOORS,10588,450,0,70,0,338,338,70,0,0,0,,,,2014-08-09 08:00,2014-08-18 14:00,,2014-06-03 14:00,2014-06-14 12:00,2014-06-03 14:00,2014-06-14 12:00,2014-06-03 14:00,2014-06-14 12:00,2014-08-09 08:00,2014-08-18 14:00,,PT_Normal,,,,,1sg/oqloLE+SIePrhLb0vg,,,,N,0,0,,,2013-08-03 16:51,2013-09-14 22:01,admin,admin,
106288,4680,26186,6690,0,N,N,N,CP_Drtn,TT_Task,DT_FixedDUR2,TK_NotStart,680,ALUMINUM,,450,0,210,0,0,0,210,0,0,0,,,,2014-07-08 14:00,2014-08-07 16:00,,2014-05-04 12:00,2014-06-03 14:00,2014-05-04 12:00,2014-06-03 14:00,2014-05-04 12:00,2014-06-03 14:00,2014-07-08 14:00,2014-08-07 16:00,,PT_Normal,,,,,3J/PBDLLikyDseca/TXGVA,,,,N,0,0,,,2013-08-03 16:51,2013-09-14 22:01,admin,admin,
106289,4680,26186,6690,0,N,N,N,CP_Drtn,TT_Task,DT_FixedDUR2,TK_NotStart,690,DOOR,,450,0,210,0,0,0,210,0,0,0,,,,2014-08-18 14:00,2014-09-17 16:00,,2014-06-14 12:00,2014-07-14 14:00,2014-06-14 12:00,2014-07-14 14:00,2014-06-14 12:00,2014-07-14 14:00,2014-08-18 14:00,2014-09-17 16:00,,PT_Normal,,,,,yI1TyrIgXUa3+B/rWG80ow,,,,N,0,0,,,2013-08-03 16:51,2013-09-14 22:01,admin,admin,
106290,4680,26186,6690,0,N,N,N,CP_Drtn,TT_Task,DT_FixedDUR2,TK_NotStart,700,PAINTING,10577,750,0,110,0,1117,1117,110,0,0,0,,,,2014-11-01 12:00,2014-11-17 10:00,,2014-07-14 14:00,2014-07-30 12:00,2014-07-14 14:00,2014-07-30 12:00,2014-07-14 14:00,2014-07-30 12:00,2014-11-01 12:00,2014-11-17 10:00,,PT_Normal,,,,,HADFrrCaWES3COPufMlU9A,,,,N,0,0,,,2013-08-03 16:51,2013-09-14 22:01,admin,admin,
106291,4680,26186,6690,0,N,N,N,CP_Drtn,TT_Task,DT_FixedDUR2,TK_NotStart,710,WOODEN FLOORS,,330,0,140,0,0,0,140,0,0,0,,,,2014-09-08 10:00,2014-09-28 14:00,,2014-07-22 08:00,2014-08-11 12:00,2014-07-22 08:00,2014-08-11 12:00,2014-07-22 08:00,2014-08-11 12:00,2014-09-08 10:00,2014-09-28 14:00,,PT_Normal,,,,,Ued+jB1HE0u5LXKbiIZXBg,,,,N,0,0,,,2013-08-03 16:51,2013-09-14 22:01,admin,admin,
106292,4680,26186,6690,0,N,N,N,CP_Drtn,TT_Task,DT_FixedDUR2,TK_NotStart,720,MARBLE FLOORS,10582,330,0,70,0,254,254,70,0,0,0,,,,2014-09-08 10:00,2014-09-17 16:00,,2014-07-22 08:00,2014-07-31 14:00,2014-07-22 08:00,2014-07-31 14:00,2014-07-22 08:00,2014-07-31 14:00,2014-09-08 10:00,2014-09-17 16:00,,PT_Normal,,,,,SSEy2xGWwUin/8Mk1sDgWA,,,,N,0,0,,,2013-08-03 16:51,2013-09-14 22:01,admin,admin,
106293,4680,26186,6690,0,N,N,N,CP_Drtn,TT_Task,DT_FixedDUR2,TK_NotStart,730,FINISHING FLOORS,10588,330,0,70,0,444,444,70,0,0,0,,,,2014-09-08 10:00,2014-09-17 16:00,,2014-07-22 08:00,2014-07-31 14:00,2014-07-22 08:00,2014-07-31 14:00,2014-07-22 08:00,2014-07-31 14:00,2014-09-08 10:00,2014-09-17 16:00,,PT_Normal,,,,,pEyFUiahJ0uMhoOImsRRag,,,,N,0,0,,,2013-08-03 16:51,2013-09-14 22:01,admin,admin,
106294,4680,26186,6690,0,N,N,N,CP_Drtn,TT_Task,DT_FixedDUR2,TK_NotStart,740,ALUMINUM,,330,0,210,0,0,0,210,0,0,0,,,,2014-08-09 08:00,2014-09-08 10:00,,2014-06-21 14:00,2014-07-21 16:00,2014-06-21 14:00,2014-07-21 16:00,2014-06-21 14:00,2014-07-21 16:00,2014-08-09 08:00,2014-09-08 10:00,,PT_Normal,,,,,kqoENRd5RkiqnkDy5dYrSQ,,,,N,0,0,,,2013-08-03 16:51,2013-09-14 22:01,admin,admin,
106295,4680,26186,6690,0,N,N,N,CP_Drtn,TT_Task,DT_FixedDUR2,TK_NotStart,750,DOOR,,330,0,210,0,0,0,210,0,0,0,,,,2014-09-18 08:00,2014-10-19 10:00,,2014-07-31 14:00,2014-08-31 16:00,2014-07-31 14:00,2014-08-31 16:00,2014-07-31 14:00,2014-08-31 16:00,2014-09-18 08:00,2014-10-19 10:00,,PT_Normal,,,,,SAh1/D89cUGu/VSHn41yzQ,,,,N,0,0,,,2013-08-03 16:51,2013-09-14 22:01,admin,admin,
106296,4680,26186,6690,0,N,N,N,CP_Drtn,TT_Task,DT_FixedDUR2,TK_NotStart,760,PAINTING,10577,530,0,100,0,1613,1613,100,0,0,0,,,,2014-11-17 10:00,2014-12-01 14:00,,2014-09-01 08:00,2014-09-15 12:00,2014-09-01 08:00,2014-09-15 12:00,2014-09-01 08:00,2014-09-15 12:00,2014-11-17 10:00,2014-12-01 14:00,,PT_Normal,,,,,eZmgkia3xESpHqxrCuXPDg,,,,N,0,0,,,2013-08-03 16:51,2013-09-14 22:01,admin,admin,
106297,4680,26186,6690,0,N,N,N,CP_Drtn,TT_Task,DT_FixedDUR2,TK_NotStart,770,WOODEN FLOORS,,330,0,140,0,0,0,140,0,0,0,,,,2014-10-08 12:00,2014-10-28 16:00,,2014-08-21 10:00,2014-09-10 14:00,2014-08-21 10:00,2014-09-10 14:00,2014-08-21 10:00,2014-09-10 14:00,2014-10-08 12:00,2014-10-28 16:00,,PT_Normal,,,,,m1fFgnpH6kOs3haUIFTABg,,,,N,0,0,,,2013-08-03 16:51,2013-09-14 22:01,admin,admin,
106298,4680,26186,6690,0,N,N,N,CP_Drtn,TT_Task,DT_FixedDUR2,TK_NotStart,780,MARBLE FLOORS,10582,330,0,50,0,263,263,50,0,0,0,,,,2014-10-08 12:00,2014-10-15 14:00,,2014-08-21 10:00,2014-08-28 12:00,2014-08-21 10:00,2014-08-28 12:00,2014-08-21 10:00,2014-08-28 12:00,2014-10-08 12:00,2014-10-15 14:00,,PT_Normal,,,,,A7n6oJpLDUGpVVj5N8puUg,,,,N,0,0,,,2013-08-03 16:51,2013-09-14 22:01,admin,admin,
106299,4680,26186,6690,0,N,N,N,CP_Drtn,TT_Task,DT_FixedDUR2,TK_NotStart,790,FINISHING FLOORS,10588,330,0,70,0,430,430,70,0,0,0,,,,2014-10-08 12:00,2014-10-19 10:00,,2014-08-21 10:00,2014-08-31 16:00,2014-08-21 10:00,2014-08-31 16:00,2014-08-21 10:00,2014-08-31 16:00,2014-10-08 12:00,2014-10-19 10:00,,PT_Normal,,,,,QtA/JuvJ60aFH88eY5p9UA,,,,N,0,0,,,2013-08-03 16:51,2013-09-14 22:01,admin,admin,
106300,4680,26186,6690,0,N,N,N,CP_Drtn,TT_Task,DT_FixedDUR2,TK_NotStart,800,ALUMINUM,,330,0,210,0,0,0,210,0,0,0,,,,2014-09-08 10:00,2014-10-08 12:00,,2014-07-22 08:00,2014-08-21 10:00,2014-07-22 08:00,2014-08-21 10:00,2014-07-22 08:00,2014-08-21 10:00,2014-09-08 10:00,2014-10-08 12:00,,PT_Normal,,,,,rTC7UGb0PkiZGLjpEeKgng,,,,N,0,0,,,2013-08-03 16:51,2013-09-14 22:01,admin,admin,
106301,4680,26186,6690,0,N,N,N,CP_Drtn,TT_Task,DT_FixedDUR2,TK_NotStart,810,DOOR,,330,0,210,0,0,0,210,0,0,0,,,,2014-10-19 10:00,2014-11-18 12:00,,2014-09-01 08:00,2014-10-01 10:00,2014-09-01 08:00,2014-10-01 10:00,2014-09-01 08:00,2014-10-01 10:00,2014-10-19 10:00,2014-11-18 12:00,,PT_Normal,,,,,DBVOhlRAyE2MNp1mpppeQw,,,,N,0,0,,,2013-08-03 16:51,2013-09-14 22:01,admin,admin,
106302,4680,26186,6690,0,N,N,N,CP_Drtn,TT_Task,DT_FixedDUR2,TK_NotStart,820,PAINTING,10577,420,0,110,0,248,248,110,0,0,0,,,,2014-12-01 14:00,2014-12-17 12:00,,2014-10-01 10:00,2014-10-16 16:00,2014-10-01 10:00,2014-10-16 16:00,2014-10-01 10:00,2014-10-16 16:00,2014-12-01 14:00,2014-12-17 12:00,,PT_Normal,,,,,spai7TloXk6rd0tY43i06Q,,,,N,0,0,,,2013-08-03 16:51,2013-09-14 22:01,admin,admin,
106303,4680,26186,6690,0,N,N,N,CP_Drtn,TT_Task,DT_FixedDUR2,TK_NotStart,830,WOODEN FLOORS,,210,0,140,0,0,0,140,0,0,0,,,,2014-11-08 14:00,2014-11-29 10:00,,2014-10-08 12:00,2014-10-28 16:00,2014-10-08 12:00,2014-10-28 16:00,2014-10-08 12:00,2014-10-28 16:00,2014-11-08 14:00,2014-11-29 10:00,,PT_Normal,,,,,vw7KJXRc4Ua9sB6qoqQPNw,,,,N,0,0,,,2013-08-03 16:51,2013-09-14 22:01,admin,admin,
106304,4680,26186,6690,0,N,N,N,CP_Drtn,TT_Task,DT_FixedDUR2,TK_NotStart,840,MARBLE FLOORS,10582,210,0,50,0,267,267,50,0,0,0,,,,2014-11-08 14:00,2014-11-15 16:00,,2014-10-08 12:00,2014-10-15 14:00,2014-10-08 12:00,2014-10-15 14:00,2014-10-08 12:00,2014-10-15 14:00,2014-11-08 14:00,2014-11-15 16:00,,PT_Normal,,,,,4hC8BQTatEWggJ4DSk/npw,,,,N,0,0,,,2013-08-03 16:51,2013-09-14 22:01,admin,admin,
106305,4680,26186,6690,0,N,N,N,CP_Drtn,TT_Task,DT_FixedDUR2,TK_NotStart,850,FINISHING FLOORS,10588,210,0,70,0,394,394,70,0,0,0,,,,2014-11-08 14:00,2014-11-18 12:00,,2014-10-08 12:00,2014-10-19 10:00,2014-10-08 12:00,2014-10-19 10:00,2014-10-08 12:00,2014-10-19 10:00,2014-11-08 14:00,2014-11-18 12:00,,PT_Normal,,,,,4KD+vaFLVU23xUfWkJ6fpw,,,,N,0,0,,,2013-08-03 16:51,2013-09-14 22:01,admin,admin,
106306,4680,26186,6690,0,N,N,N,CP_Drtn,TT_Task,DT_FixedDUR2,TK_NotStart,860,ALUMINUM,,210,0,210,0,0,0,210,0,0,0,,,,2014-10-08 12:00,2014-11-08 14:00,,2014-09-08 10:00,2014-10-08 12:00,2014-09-08 10:00,2014-10-08 12:00,2014-09-08 10:00,2014-10-08 12:00,2014-10-08 12:00,2014-11-08 14:00,,PT_Normal,,,,,K4BPDkiG0EiQm4mG0qfnBw,,,,N,0,0,,,2013-08-03 16:51,2013-09-14 22:01,admin,admin,
106307,4680,26186,6690,0,N,N,N,CP_Drtn,TT_Task,DT_FixedDUR2,TK_NotStart,870,DOOR,,210,0,210,0,0,0,210,0,0,0,,,,2014-11-18 12:00,2014-12-18 14:00,,2014-10-19 10:00,2014-11-18 12:00,2014-10-19 10:00,2014-11-18 12:00,2014-10-19 10:00,2014-11-18 12:00,2014-11-18 12:00,2014-12-18 14:00,,PT_Normal,,,,,gHT42EjnMU+fpT8PWK+XSQ,,,,N,0,0,,,2013-08-03 16:51,2013-09-14 22:01,admin,admin,
106308,4680,26186,6690,0,N,N,N,CP_Drtn,TT_Task,DT_FixedDUR2,TK_NotStart,880,PAINTING,10577,210,0,90,0,1474,1474,90,0,0,0,,,,2014-12-18 14:00,2014-12-31 16:00,,2014-11-18 12:00,2014-12-01 14:00,2014-11-18 12:00,2014-12-01 14:00,2014-11-18 12:00,2014-12-01 14:00,2014-12-18 14:00,2014-12-31 16:00,,PT_Normal,,,,,lP1ql3uZr0eXS4WwpP1yig,,,,N,0,0,,,2013-08-03 16:51,2013-09-14 22:01,admin,admin,
106309,4680,26186,6690,0,N,N,N,CP_Drtn,TT_Task,DT_FixedDUR2,TK_NotStart,890,CEMENT TILES,10582,1050,0,90,0,766,766,90,0,0,0,,,,2015-01-14 10:00,2015-01-27 12:00,,2014-08-14 08:00,2014-08-27 10:00,2014-08-14 08:00,2014-08-27 10:00,2014-08-14 08:00,2014-08-27 10:00,2015-01-14 10:00,2015-01-27 12:00,,PT_Normal,,,,,sDUNjBqgDUGW61CpmOg0UA,,,,N,0,0,,,2013-08-03 16:51,2013-09-14 22:01,admin,admin,
106310,4680,26186,6690,0,N,N,N,CP_Drtn,TT_Task,DT_FixedDUR2,TK_NotStart,900,FACADES PLASTER,10572,1050,480,90,0,473,473,90,0,0,0,,,,2015-01-27 12:00,2015-02-09 14:00,,2014-08-27 10:00,2014-09-09 12:00,2014-08-27 10:00,2014-09-09 12:00,2014-08-27 10:00,2014-09-09 12:00,2015-01-27 12:00,2015-02-09 14:00,,PT_Normal,,,,,2EZQB/WVcEmYyNMvWcAOAw,,,,N,0,0,,,2013-08-03 16:51,2013-09-14 22:01,admin,admin,
106311,4680,26186,6690,0,N,N,N,CP_Drtn,TT_Task,DT_FixedDUR2,TK_NotStart,910,DOOR,,570,400,70,0,0,0,70,0,0,0,,,,2015-02-09 14:00,2015-02-19 12:00,,2014-11-18 12:00,2014-11-29 10:00,2014-11-18 12:00,2014-11-29 10:00,2014-11-18 12:00,2014-11-29 10:00,2015-02-09 14:00,2015-02-19 12:00,,PT_Normal,,,,,UW19H/Ny/Emy4yTR7V7nDQ,,,,N,0,0,,,2013-08-03 16:51,2013-09-14 22:01,admin,admin,
106312,4680,26186,6690,0,N,N,N,CP_Drtn,TT_Task,DT_FixedDUR2,TK_NotStart,920,CERETAL WORK,,0,0,210,0,0,0,210,0,0,0,,,,2014-07-26 14:00,2014-08-25 16:00,,2014-07-26 14:00,2014-08-25 16:00,2014-07-26 14:00,2014-08-25 16:00,2014-07-26 14:00,2014-08-25 16:00,2014-07-26 14:00,2014-08-25 16:00,,PT_Normal,,,,,FzIeezRlhEWmVLGhOH8Ljg,,,,Y,0,0,,,2013-08-03 16:51,2013-09-14 22:01,admin,admin,
106313,4680,26186,6690,0,N,N,N,CP_Drtn,TT_Task,DT_FixedDUR2,TK_NotStart,930,PLASTER COLORD,10572,710,0,130,0,760,760,130,0,0,0,,,,2014-12-15 08:00,2015-01-03 10:00,,2014-09-02 10:00,2014-09-21 12:00,2014-09-02 10:00,2014-09-21 12:00,2014-09-02 10:00,2014-09-21 12:00,2014-12-15 08:00,2015-01-03 10:00,,PT_Normal,,,,,N1o41Z5AxESOlm2fAfVw2Q,,,,N,0,0,,,2013-08-03 16:51,2013-09-14 22:01,admin,admin,
106314,4680,26186,6690,0,N,N,N,CP_Drtn,TT_Task,DT_FixedDUR2,TK_NotStart,940,MARBLE FLOORS,10582,710,0,80,0,195,195,80,0,0,0,,,,2015-01-03 10:00,2015-01-14 10:00,,2014-09-21 12:00,2014-10-02 12:00,2014-09-21 12:00,2014-10-02 12:00,2014-09-21 12:00,2014-10-02 12:00,2015-01-03 10:00,2015-01-14 10:00,,PT_Normal,,,,,Gk+98c1glkOi6wD993n9uA,,,,N,0,0,,,2013-08-03 16:51,2013-09-14 22:01,admin,admin,
106315,4680,26186,6690,0,N,N,N,CP_Drtn,TT_Task,DT_FixedDUR2,TK_NotStart,950,MARBLE STAIRS,10614,710,500,90,0,25,25,90,0,0,0,,,,2015-01-03 10:00,2015-01-15 12:00,,2014-09-21 12:00,2014-10-04 14:00,2014-09-21 12:00,2014-10-04 14:00,2014-09-21 12:00,2014-10-04 14:00,2015-01-03 10:00,2015-01-15 12:00,,PT_Normal,,,,,vkoyan4jqkut5bEf2cpsrQ,,,,N,0,0,,,2013-08-03 16:51,2013-09-14 22:01,admin,admin,
106316,4680,26186,6690,0,N,N,N,CP_Drtn,TT_Task,DT_FixedDUR2,TK_NotStart,960,FACADES PLASTER DAHARA,10572,0,0,400,0,2300,2300,400,0,0,0,,,,2014-11-22 08:00,2015-01-18 16:00,,2014-11-22 08:00,2015-01-18 16:00,2014-11-22 08:00,2015-01-18 16:00,2014-11-22 08:00,2015-01-18 16:00,2014-11-22 08:00,2015-01-18 16:00,,PT_Normal,,,,,lqYeuNfPE0OICeFmbtAB+Q,,,,Y,0,0,,,2013-08-03 16:51,2013-09-14 22:01,admin,admin,
106317,4680,26186,6690,0,N,N,N,CP_Drtn,TT_Task,DT_FixedDUR2,TK_NotStart,970,BARGOLAS,10594,0,0,50,0,1,1,50,0,0,0,,,,2015-01-19 08:00,2015-01-26 10:00,,2015-01-19 08:00,2015-01-26 10:00,2015-01-19 08:00,2015-01-26 10:00,2015-01-19 08:00,2015-01-26 10:00,2015-01-19 08:00,2015-01-26 10:00,,PT_Normal,,,,,BKiqSD02qkaLrjldIh8K4Q,,,,Y,0,0,,,2013-08-03 16:51,2013-09-14 22:01,admin,admin,
106318,4680,26186,6690,0,N,N,N,CP_Drtn,TT_Task,DT_FixedDUR2,TK_NotStart,980,INTIAL SAINTARY WORK,10596,0,0,70,0,23,23,70,0,0,0,,,,2014-02-03 08:00,2014-02-12 14:00,,2014-02-03 08:00,2014-02-12 14:00,2014-02-03 08:00,2014-02-12 14:00,2014-02-03 08:00,2014-02-12 14:00,2014-02-03 08:00,2014-02-12 14:00,,PT_Normal,,,,,W5XGqIy5AUeG1NHnIEFCIw,,,,Y,0,0,,,2013-08-03 16:51,2013-09-14 22:01,admin,admin,
106319,4680,26186,6690,0,N,N,N,CP_Drtn,TT_Task,DT_FixedDUR2,TK_NotStart,990,FINAL SAINTARY WORK,10596,2330,70,30,0,37,37,30,0,0,0,,,,2015-01-26 10:00,2015-01-29 16:00,,2014-02-20 08:00,2014-02-24 14:00,2014-02-20 08:00,2014-02-24 14:00,2014-02-20 08:00,2014-02-24 14:00,2015-01-26 10:00,2015-01-29 16:00,,PT_Normal,,,,,D6JOzigd7UuGB0PmtUZIlQ,,,,N,0,0,,,2013-08-03 16:51,2013-09-14 22:01,admin,admin,
106320,4680,26186,6690,0,N,N,N,CP_Drtn,TT_Task,DT_FixedDUR2,TK_NotStart,1000,INTIAL SAINTARY WORK,10596,50,50,70,0,24,24,70,0,0,0,,,,2014-02-23 12:00,2014-03-05 10:00,,2014-02-16 10:00,2014-02-25 16:00,2014-02-16 10:00,2014-02-25 16:00,2014-02-16 10:00,2014-02-25 16:00,2014-02-23 12:00,2014-03-05 10:00,,PT_Normal,,,,,z/9cNc4Q1ES+mxETrw1wYg,,,,N,0,0,,,2013-08-03 16:51,2013-09-14 22:01,admin,admin,
106321,4680,26186,6690,0,N,N,N,CP_Drtn,TT_Task,DT_FixedDUR2,TK_NotStart,1010,FINAL SAINTARY WORK,10596,2260,170,30,0,10,10,30,0,0,0,,,,2015-01-31 08:00,2015-02-03 14:00,,2014-03-06 12:00,2014-03-11 10:00,2014-03-06 12:00,2014-03-11 10:00,2014-03-06 12:00,2014-03-11 10:00,2015-01-31 08:00,2015-02-03 14:00,,PT_Normal,,,,,0oHZOe1v7EWH6K7xKA0dhQ,,,,N,0,0,,,2013-08-03 16:51,2013-09-14 22:01,admin,admin,
106322,4680,26186,6690,0,N,N,N,CP_Drtn,TT_Task,DT_FixedDUR2,TK_NotStart,1020,INTIAL SAINTARY WORK,10596,90,0,70,0,24,24,70,0,0,0,,,,2014-03-24 12:00,2014-04-03 10:00,,2014-03-11 10:00,2014-03-20 16:00,2014-03-11 10:00,2014-03-20 16:00,2014-03-11 10:00,2014-03-20 16:00,2014-03-24 12:00,2014-04-03 10:00,,PT_Normal,,,,,cXJwxL224k2tEUIvwmAddg,,,,N,0,0,,,2013-08-03 16:51,2013-09-14 22:01,admin,admin,
106323,4680,26186,6690,0,N,N,N,CP_Drtn,TT_Task,DT_FixedDUR2,TK_NotStart,1030,FINAL SAINTARY WORK,10596,2090,130,30,0,10,10,30,0,0,0,,,,2015-02-03 14:00,2015-02-08 12:00,,2014-04-05 12:00,2014-04-09 10:00,2014-04-05 12:00,2014-04-09 10:00,2014-04-05 12:00,2014-04-09 10:00,2015-02-03 14:00,2015-02-08 12:00,,PT_Normal,,,,,MKkFqoQQLUmGCC6HigT8sw,,,,N,0,0,,,2013-08-03 16:51,2013-09-14 22:01,admin,admin,
106324,4680,26186,6690,0,N,N,N,CP_Drtn,TT_Task,DT_FixedDUR2,TK_NotStart,1040,INTIAL SAINTARY WORK,10596,180,0,70,0,24,24,70,0,0,0,,,,2014-04-29 14:00,2014-05-10 12:00,,2014-04-03 10:00,2014-04-13 16:00,2014-04-03 10:00,2014-04-13 16:00,2014-04-03 10:00,2014-04-13 16:00,2014-04-29 14:00,2014-05-10 12:00,,PT_Normal,,,,,iIVNRE6N/E6iA320crXD9Q,,,,N,0,0,,,2013-08-03 16:51,2013-09-14 22:01,admin,admin,
106325,4680,26186,6690,0,N,N,N,CP_Drtn,TT_Task,DT_FixedDUR2,TK_NotStart,1050,FINAL SAINTARY WORK,10596,1960,150,30,0,10,10,30,0,0,0,,,,2015-02-08 12:00,2015-02-12 10:00,,2014-04-28 12:00,2014-05-03 10:00,2014-04-28 12:00,2014-05-03 10:00,2014-04-28 12:00,2014-05-03 10:00,2015-02-08 12:00,2015-02-12 10:00,,PT_Normal,,,,,Zwxu53D/5EC/XtDwf7A3vg,,,,N,0,0,,,2013-08-03 16:51,2013-09-14 22:01,admin,admin,
106326,4680,26186,6690,0,N,N,N,CP_Drtn,TT_Task,DT_FixedDUR2,TK_NotStart,1060,INTIAL SAINTARY WORK,10596,270,0,70,0,24,24,70,0,0,0,,,,2014-06-07 10:00,2014-06-16 16:00,,2014-04-28 12:00,2014-05-08 10:00,2014-04-28 12:00,2014-05-08 10:00,2014-04-28 12:00,2014-05-08 10:00,2014-06-07 10:00,2014-06-16 16:00,,PT_Normal,,,,,kR5advTz7kW7gpeEvr7mug,,,,N,0,0,,,2013-08-03 16:51,2013-09-14 22:01,admin,admin,
106327,4680,26186,6690,0,N,N,N,CP_Drtn,TT_Task,DT_FixedDUR2,TK_NotStart,1070,FINAL SAINTARY WORK,10596,1810,0,30,0,10,10,30,0,0,0,,,,2015-02-12 10:00,2015-02-16 16:00,,2014-05-25 08:00,2014-05-28 14:00,2014-05-25 08:00,2014-05-28 14:00,2014-05-25 08:00,2014-05-28 14:00,2015-02-12 10:00,2015-02-16 16:00,,PT_Normal,,,,,BdX190DlzEGXqnDqvGpkOQ,,,,N,0,0,,,2013-08-03 16:51,2013-09-14 22:01,admin,admin,
106328,4680,26186,6690,0,N,N,N,CP_Drtn,TT_Task,DT_FixedDUR2,TK_NotStart,1080,INTIAL SAINTARY WORK,10596,470,470,30,0,7,7,30,0,0,0,,,,2014-07-16 08:00,2014-07-20 14:00,,2014-05-08 10:00,2014-05-12 16:00,2014-05-08 10:00,2014-05-12 16:00,2014-05-08 10:00,2014-05-12 16:00,2014-07-16 08:00,2014-07-20 14:00,,PT_Normal,,,,,shcQokHDKU2D5C8to3UUEQ,,,,N,0,0,,,2013-08-03 16:51,2013-09-14 22:01,admin,admin,
106329,4680,26186,6690,0,N,N,N,CP_Drtn,TT_Task,DT_FixedDUR2,TK_NotStart,1090,FINAL SAINTARY WORK,10596,1810,0,20,0,5,5,20,0,0,0,,,,2015-02-17 08:00,2015-02-19 12:00,,2014-05-28 14:00,2014-06-01 10:00,2014-05-28 14:00,2014-06-01 10:00,2014-05-28 14:00,2014-06-01 10:00,2015-02-17 08:00,2015-02-19 12:00,,PT_Normal,,,,,ZGN0yku1F0GLUGMjbgkE5w,,,,N,0,0,,,2013-08-03 16:51,2013-09-14 22:01,admin,admin,
106330,4680,26186,6690,0,N,N,N,CP_Drtn,TT_Task,DT_FixedDUR2,TK_NotStart,1100,1ST ELECTRICAL FIX,10600,490,40,100,0,300,300,100,0,0,0,,,,2014-05-05 14:00,2014-05-20 10:00,,2014-02-23 12:00,2014-03-09 16:00,2014-02-23 12:00,2014-03-09 16:00,2014-02-23 12:00,2014-03-09 16:00,2014-05-05 14:00,2014-05-20 10:00,,PT_Normal,,,,,LD7DjfISLEeBBuESG6AaVw,,,,N,0,0,,,2013-08-03 16:51,2013-09-14 22:01,admin,admin,
106331,4680,26186,6690,0,N,N,N,CP_Drtn,TT_Task,DT_FixedDUR2,TK_NotStart,1110,2ND ELECTRICAL FIX,10600,600,150,50,0,65,65,50,0,0,0,,,,2014-06-01 10:00,2014-06-08 12:00,,2014-03-05 10:00,2014-03-12 12:00,2014-03-05 10:00,2014-03-12 12:00,2014-03-05 10:00,2014-03-12 12:00,2014-06-01 10:00,2014-06-08 12:00,,PT_Normal,,,,,GF5+9EjwHUysij6Y80sr4A,,,,N,0,0,,,2013-08-03 16:51,2013-09-14 22:01,admin,admin,
106332,4680,26186,6690,0,N,N,N,CP_Drtn,TT_Task,DT_FixedDUR2,TK_NotStart,1120,FINAL ELECTRICAL FIX,10600,1050,290,70,0,24.5,24.5,70,0,0,0,,,,2014-11-08 14:00,2014-11-18 12:00,,2014-06-08 12:00,2014-06-18 10:00,2014-06-08 12:00,2014-06-18 10:00,2014-06-08 12:00,2014-06-18 10:00,2014-11-08 14:00,2014-11-18 12:00,,PT_Normal,,,,,5Jw687XwYEqewIRck+GKvg,,,,N,0,0,,,2013-08-03 16:51,2013-09-14 22:01,admin,admin,
106333,4680,26186,6690,0,N,N,N,CP_Drtn,TT_Task,DT_FixedDUR2,TK_NotStart,1130,1ST ELECTRICAL FIX,10600,450,40,100,0,80,80,100,0,0,0,,,,2014-05-20 10:00,2014-06-03 14:00,,2014-03-16 08:00,2014-03-30 12:00,2014-03-16 08:00,2014-03-30 12:00,2014-03-16 08:00,2014-03-30 12:00,2014-05-20 10:00,2014-06-03 14:00,,PT_Normal,,,,,Qcz4y9HIZEmtoKiY/Cqoxg,,,,N,0,0,,,2013-08-03 16:51,2013-09-14 22:01,admin,admin,
106334,4680,26186,6690,0,N,N,N,CP_Drtn,TT_Task,DT_FixedDUR2,TK_NotStart,1140,2ND ELECTRICAL FIX,10600,450,0,50,0,65,65,50,0,0,0,,,,2014-06-08 12:00,2014-06-15 14:00,,2014-04-03 10:00,2014-04-10 12:00,2014-04-03 10:00,2014-04-10 12:00,2014-04-03 10:00,2014-04-10 12:00,2014-06-08 12:00,2014-06-15 14:00,,PT_Normal,,,,,JzWOgnyh8UmMyxDrPy41iw,,,,N,0,0,,,2013-08-03 16:51,2013-09-14 22:01,admin,admin,
106335,4680,26186,6690,0,N,N,N,CP_Drtn,TT_Task,DT_FixedDUR2,TK_NotStart,1160,FINAL ELECTRICAL FIX,10600,760,220,100,0,160,160,100,0,0,0,,,,2014-11-18 12:00,2014-12-02 16:00,,2014-07-30 12:00,2014-08-13 16:00,2014-07-30 12:00,2014-08-13 16:00,2014-07-30 12:00,2014-08-13 16:00,2014-11-18 12:00,2014-12-02 16:00,,PT_Normal,,,,,sNHc1sMVrEi+X26Gon1svA,,,,N,0,0,,,2013-08-03 16:51,2013-09-14 22:01,admin,admin,
106336,4680,26186,6690,0,N,N,N,CP_Drtn,TT_Task,DT_FixedDUR2,TK_NotStart,1170,1ST ELECTRICAL FIX,10600,410,40,100,0,85,85,100,0,0,0,,,,2014-06-03 14:00,2014-06-18 10:00,,2014-04-05 12:00,2014-04-19 16:00,2014-04-05 12:00,2014-04-19 16:00,2014-04-05 12:00,2014-04-19 16:00,2014-06-03 14:00,2014-06-18 10:00,,PT_Normal,,,,,VvD5hVshZkWoLc8iA8Z6eA,,,,N,0,0,,,2013-08-03 16:51,2013-09-14 22:01,admin,admin,
106337,4680,26186,6690,0,N,N,N,CP_Drtn,TT_Task,DT_FixedDUR2,TK_NotStart,1180,2ND ELECTRICAL FIX,10600,330,0,50,0,70,70,50,0,0,0,,,,2014-06-26 14:00,2014-07-03 16:00,,2014-05-10 12:00,2014-05-17 14:00,2014-05-10 12:00,2014-05-17 14:00,2014-05-10 12:00,2014-05-17 14:00,2014-06-26 14:00,2014-07-03 16:00,,PT_Normal,,,,,xuUI3V3FWUajjh0UTrsKwQ,,,,N,0,0,,,2013-08-03 16:51,2013-09-14 22:01,admin,admin,
106338,4680,26186,6690,0,N,N,N,CP_Drtn,TT_Task,DT_FixedDUR2,TK_NotStart,1190,FINAL ELECTRICAL FIX,10600,540,120,100,0,75,75,100,0,0,0,,,,2014-12-03 08:00,2014-12-17 12:00,,2014-09-15 12:00,2014-09-29 16:00,2014-09-15 12:00,2014-09-29 16:00,2014-09-15 12:00,2014-09-29 16:00,2014-12-03 08:00,2014-12-17 12:00,,PT_Normal,,,,,wfnban+RQUe0CrQO+X5kcA,,,,N,0,0,,,2013-08-03 16:51,2013-09-14 22:01,admin,admin,
106339,4680,26186,6690,0,N,N,N,CP_Drtn,TT_Task,DT_FixedDUR2,TK_NotStart,1200,1ST ELECTRICAL FIX,10600,370,60,100,0,90,90,100,0,0,0,,,,2014-06-18 10:00,2014-07-02 14:00,,2014-04-26 08:00,2014-05-10 12:00,2014-04-26 08:00,2014-05-10 12:00,2014-04-26 08:00,2014-05-10 12:00,2014-06-18 10:00,2014-07-02 14:00,,PT_Normal,,,,,iiFnC+eFtEuTo6F5B01olA,,,,N,0,0,,,2013-08-03 16:51,2013-09-14 22:01,admin,admin,
106340,4680,26186,6690,0,N,N,N,CP_Drtn,TT_Task,DT_FixedDUR2,TK_NotStart,1210,2ND ELECTRICAL FIX,10600,290,0,50,0,75,75,50,0,0,0,,,,2014-07-29 10:00,2014-08-05 12:00,,2014-06-17 08:00,2014-06-24 10:00,2014-06-17 08:00,2014-06-24 10:00,2014-06-17 08:00,2014-06-24 10:00,2014-07-29 10:00,2014-08-05 12:00,,PT_Normal,,,,,SSW7lmRGMkiytpc/Hqnd7A,,,,N,0,0,,,2013-08-03 16:51,2013-09-14 22:01,admin,admin,
106341,4680,26186,6690,0,N,N,N,CP_Drtn,TT_Task,DT_FixedDUR2,TK_NotStart,1220,FINAL ELECTRICAL FIX,10600,420,210,100,0,80,80,100,0,0,0,,,,2014-12-17 12:00,2014-12-31 16:00,,2014-10-18 08:00,2014-11-01 12:00,2014-10-18 08:00,2014-11-01 12:00,2014-10-18 08:00,2014-11-01 12:00,2014-12-17 12:00,2014-12-31 16:00,,PT_Normal,,,,,6j8x38U4VkO81wCrvAq5Rg,,,,N,0,0,,,2013-08-03 16:51,2013-09-14 22:01,admin,admin,
106342,4680,26186,6690,0,N,N,N,CP_Drtn,TT_Task,DT_FixedDUR2,TK_NotStart,1230,1ST ELECTRICAL FIX,10600,310,0,100,0,90,90,100,0,0,0,,,,2014-07-02 14:00,2014-07-17 10:00,,2014-05-19 08:00,2014-06-02 12:00,2014-05-19 08:00,2014-06-02 12:00,2014-05-19 08:00,2014-06-02 12:00,2014-07-02 14:00,2014-07-17 10:00,,PT_Normal,,,,,kJX49SYwLECxarB7qJJZeQ,,,,N,0,0,,,2013-08-03 16:51,2013-09-14 22:01,admin,admin,
106343,4680,26186,6690,0,N,N,N,CP_Drtn,TT_Task,DT_FixedDUR2,TK_NotStart,1240,2ND ELECTRICAL FIX,10600,210,0,50,0,75,75,50,0,0,0,,,,2014-08-20 08:00,2014-08-27 10:00,,2014-07-20 14:00,2014-07-27 16:00,2014-07-20 14:00,2014-07-27 16:00,2014-07-20 14:00,2014-07-27 16:00,2014-08-20 08:00,2014-08-27 10:00,,PT_Normal,,,,,D2cVYpFHTEa2Eq11rxAO1w,,,,N,0,0,,,2013-08-03 16:51,2013-09-14 22:01,admin,admin,
106344,4680,26186,6690,0,N,N,N,CP_Drtn,TT_Task,DT_FixedDUR2,TK_NotStart,1250,FINAL ELECTRICAL FIX,10600,210,0,100,0,80,80,100,0,0,0,,,,2015-01-01 08:00,2015-01-15 12:00,,2014-12-01 14:00,2014-12-16 10:00,2014-12-01 14:00,2014-12-16 10:00,2014-12-01 14:00,2014-12-16 10:00,2015-01-01 08:00,2015-01-15 12:00,,PT_Normal,,,,,LaJD525lN0uS7CEhB+EsBg,,,,N,0,0,,,2013-08-03 16:51,2013-09-14 22:01,admin,admin,
106345,4680,26186,6690,0,N,N,N,CP_Drtn,TT_Task,DT_FixedDUR2,TK_NotStart,1260,1ST ELECTRICAL FIX,10600,310,0,100,0,50,50,100,0,0,0,,,,2014-07-17 10:00,2014-07-31 14:00,,2014-06-02 12:00,2014-06-16 16:00,2014-06-02 12:00,2014-06-16 16:00,2014-06-02 12:00,2014-06-16 16:00,2014-07-17 10:00,2014-07-31 14:00,,PT_Normal,,,,,hF+pxF/YDUqjGLvA9zhEiw,,,,N,0,0,,,2013-08-03 16:51,2013-09-14 22:01,admin,admin,
106346,4680,26186,6690,0,N,N,N,CP_Drtn,TT_Task,DT_FixedDUR2,TK_NotStart,1270,2ND ELECTRICAL FIX,10600,290,0,50,0,35,35,50,0,0,0,,,,2014-09-13 08:00,2014-09-20 10:00,,2014-07-31 14:00,2014-08-07 16:00,2014-07-31 14:00,2014-08-07 16:00,2014-07-31 14:00,2014-08-07 16:00,2014-09-13 08:00,2014-09-20 10:00,,PT_Normal,,,,,5za8/l37/kaZn+GIEwgU2g,,,,N,0,0,,,2013-08-03 16:51,2013-09-14 22:01,admin,admin,
106347,4680,26186,6690,0,N,N,N,CP_Drtn,TT_Task,DT_FixedDUR2,TK_NotStart,1280,FINAL ELECTRICAL FIX,10600,210,210,70,0,34,34,70,0,0,0,,,,2015-01-15 12:00,2015-01-26 10:00,,2014-12-16 10:00,2014-12-25 16:00,2014-12-16 10:00,2014-12-25 16:00,2014-12-16 10:00,2014-12-25 16:00,2015-01-15 12:00,2015-01-26 10:00,,PT_Normal,,,,,SztbWlLUE0OIBbdOjeOaEg,,,,N,0,0,,,2013-08-03 16:51,2013-09-14 22:01,admin,admin,
106348,4680,26186,6690,0,N,N,N,CP_Drtn,TT_Task,DT_FixedDUR2,TK_NotStart,1290,1ST ELECTRICAL FIX,10600,310,0,100,0,31,31,100,0,0,0,,,,2014-07-31 14:00,2014-08-16 10:00,,2014-06-17 08:00,2014-07-01 12:00,2014-06-17 08:00,2014-07-01 12:00,2014-06-17 08:00,2014-07-01 12:00,2014-07-31 14:00,2014-08-16 10:00,,PT_Normal,,,,,QXKZkNVGjkmY6kKe6mbk1A,,,,N,0,0,,,2013-08-03 16:51,2013-09-14 22:01,admin,admin,
106349,4680,26186,6690,0,N,N,N,CP_Drtn,TT_Task,DT_FixedDUR2,TK_NotStart,1300,2ND ELECTRICAL FIX,10600,500,0,50,0,16,16,50,0,0,0,,,,2014-11-06 12:00,2014-11-13 14:00,,2014-08-26 08:00,2014-09-02 10:00,2014-08-26 08:00,2014-09-02 10:00,2014-08-26 08:00,2014-09-02 10:00,2014-11-06 12:00,2014-11-13 14:00,,PT_Normal,,,,,KK2KPRTVDUuMx8rTmpgUWQ,,,,N,0,0,,,2013-08-03 16:51,2013-09-14 22:01,admin,admin,
106350,4680,26186,6690,0,N,N,N,CP_Drtn,TT_Task,DT_FixedDUR2,TK_NotStart,1310,FINAL ELECTRICAL FIX,10600,0,0,100,0,21,21,100,0,0,0,,,,2015-01-26 10:00,2015-02-09 14:00,,2015-01-26 10:00,2015-02-09 14:00,2015-01-26 10:00,2015-02-09 14:00,2015-01-26 10:00,2015-02-09 14:00,2015-01-26 10:00,2015-02-09 14:00,,PT_Normal,,,,,0ZVMGt6g70CRCBfmpJM/qQ,,,,Y,0,0,,,2013-08-03 16:51,2013-09-14 22:01,admin,admin,
106351,4680,26186,6690,0,N,N,N,CP_Drtn,TT_Task,DT_FixedDUR2,TK_NotStart,1320,1ST ELECTRICAL FIX,10600,310,310,70,0,25,25,70,0,0,0,,,,2014-08-16 10:00,2014-08-25 16:00,,2014-07-01 12:00,2014-07-12 10:00,2014-07-01 12:00,2014-07-12 10:00,2014-07-01 12:00,2014-07-12 10:00,2014-08-16 10:00,2014-08-25 16:00,,PT_Normal,,,,,205fQ8+MmkaVovcaqkrF+Q,,,,N,0,0,,,2013-08-03 16:51,2013-09-14 22:01,admin,admin,
106352,4680,26186,6690,0,N,N,N,CP_Drtn,TT_Task,DT_FixedDUR2,TK_NotStart,1330,2ND ELECTRICAL FIX,10600,0,0,50,0,19,19,50,0,0,0,,,,2014-11-13 14:00,2014-11-20 16:00,,2014-11-13 14:00,2014-11-20 16:00,2014-11-13 14:00,2014-11-20 16:00,2014-11-13 14:00,2014-11-20 16:00,2014-11-13 14:00,2014-11-20 16:00,,PT_Normal,,,,,rCof04aRZk2Tu9Y1A4FF8g,,,,Y,0,0,,,2013-08-03 16:51,2013-09-14 22:01,admin,admin,
106353,4680,26186,6690,0,N,N,N,CP_Drtn,TT_Task,DT_FixedDUR2,TK_NotStart,1340,FINAL ELECTRICAL FIX,10600,510,510,40,0,12,12,40,0,0,0,,,,2015-02-03 14:00,2015-02-09 14:00,,2014-11-22 08:00,2014-11-26 16:00,2014-11-22 08:00,2014-11-26 16:00,2014-11-22 08:00,2014-11-26 16:00,2015-02-03 14:00,2015-02-09 14:00,,PT_Normal,,,,,OW0xb/XVvUahEj3MN6YGzA,,,,N,0,0,,,2013-08-03 16:51,2013-09-14 22:01,admin,admin,
106354,4680,26186,6690,0,N,N,N,CP_Drtn,TT_Task,DT_FixedDUR2,TK_NotStart,1350,ELEVATOR,,0,0,70,0,0,0,70,0,0,0,,,,2015-02-09 14:00,2015-02-19 12:00,,2015-02-09 14:00,2015-02-19 12:00,2015-02-09 14:00,2015-02-19 12:00,2015-02-09 14:00,2015-02-19 12:00,2015-02-09 14:00,2015-02-19 12:00,,PT_Normal,,,,,5Q5KZ5bSJE6iV2VMzSglrA,,,,Y,0,0,,,2013-08-03 16:51,2013-09-14 22:01,admin,admin,
106355,4680,26186,6690,0,N,N,N,CP_Drtn,TT_Task,DT_FixedDUR2,TK_NotStart,1360,final fisihes closeout,,170,170,0,0,0,0,0,0,0,0,,,,2015-02-19 12:00,2015-02-19 12:00,,2015-01-26 10:00,2015-01-26 10:00,2015-01-26 10:00,2015-01-26 10:00,2015-01-26 10:00,2015-01-26 10:00,2015-02-19 12:00,2015-02-19 12:00,,PT_Normal,,,,,M330k1SbUEKO7Rdz8TUpog,,,,N,0,0,,,2013-08-03 16:51,2013-09-14 22:01,admin,admin,
106356,4680,26186,6690,0,N,N,N,CP_Drtn,TT_Task,DT_FixedDUR2,TK_NotStart,1370,mechincal closeout,,1810,1810,0,0,0,0,0,0,0,0,,,,2015-02-19 12:00,2015-02-19 12:00,,2014-06-01 10:00,2014-06-01 10:00,2014-06-01 10:00,2014-06-01 10:00,2014-06-01 10:00,2014-06-01 10:00,2015-02-19 12:00,2015-02-19 12:00,,PT_Normal,,,,,xar5r4ILIEufiAFXhCcViA,,,,N,0,0,,,2013-08-03 16:51,2013-09-14 22:01,admin,admin,
106357,4680,26186,6690,0,N,N,N,CP_Drtn,TT_Task,DT_FixedDUR2,TK_NotStart,1380,electrical closeout,,0,0,0,0,0,0,0,0,0,0,,,,2015-02-09 14:00,2015-02-09 14:00,,2015-02-09 14:00,2015-02-09 14:00,2015-02-09 14:00,2015-02-09 14:00,2015-02-09 14:00,2015-02-09 14:00,2015-02-09 14:00,2015-02-09 14:00,,PT_Normal,,,,,o8Zmtjrw90mrmSUY23xpsQ,,,,Y,0,0,,,2013-08-03 16:51,2013-09-14 22:01,admin,admin,
106358,4680,26186,6690,0,N,N,N,CP_Drtn,TT_Task,DT_FixedDUR2,TK_NotStart,1390,confeying closeout,,0,0,0,0,0,0,0,0,0,0,,,,2015-02-19 12:00,2015-02-19 12:00,,2015-02-19 12:00,2015-02-19 12:00,2015-02-19 12:00,2015-02-19 12:00,2015-02-19 12:00,2015-02-19 12:00,2015-02-19 12:00,2015-02-19 12:00,,PT_Normal,,,,,1rjkyrTMykeZI3YIjI6vHg,,,,Y,0,0,,,2013-08-03 16:51,2013-09-14 22:01,admin,admin,
106559,4680,26186,6690,0,N,N,N,CP_Drtn,TT_Mile,DT_FixedDrtn,TK_NotStart,1400,PROJECT START,,,,0,0,0,0,0,0,0,0,,,,2013-08-03 08:00,2013-08-03 08:00,,2013-08-03 00:00,2013-08-03 00:00,2013-08-03 08:00,2013-08-03 08:00,2013-08-03 08:00,2013-08-03 08:00,2013-08-03 08:00,2013-08-03 08:00,,PT_Normal,,,,,EpCnxBh0XkW5H9+2ClR3kA,NdRv+yWCW0G656oEZI330w,,,Y,0,0,,,2013-08-10 20:23,2013-09-14 22:09,admin,admin,
106560,4680,26186,6690,0,N,N,N,CP_Drtn,TT_Task,DT_FixedDrtn,TK_NotStart,1410,R.C SHOPDRAWING SUBMITAL,,360,0,50,0,0,0,50,0,0,0,,,,2013-09-25 08:00,2013-10-02 10:00,,2013-08-03 08:00,2013-08-10 10:00,2013-08-03 08:00,2013-08-10 10:00,2013-08-03 08:00,2013-08-10 10:00,2013-09-25 08:00,2013-10-02 10:00,,PT_Normal,,,,,6hL4JwevFUiqiiZvktoTXg,EpCnxBh0XkW5H9+2ClR3kA,,,N,0,0,,,2013-08-10 20:26,2013-09-14 22:01,admin,admin,
106561,4680,26186,6690,0,N,N,N,CP_Drtn,TT_Task,DT_FixedDrtn,TK_NotStart,1420,R.C SHOPDRAWING APPROVAL,,440,440,50,0,0,0,50,0,0,0,,,,2013-10-14 10:00,2013-10-21 12:00,,2013-08-10 10:00,2013-08-17 12:00,2013-08-10 10:00,2013-08-17 12:00,2013-08-10 10:00,2013-08-17 12:00,2013-10-14 10:00,2013-10-21 12:00,,PT_Normal,,,,,H6Pw3HWBxEKEeUCFxT4QEA,6hL4JwevFUiqiiZvktoTXg,,,N,0,0,,,2013-08-10 20:28,2013-09-14 22:01,admin,admin,
106564,4680,26186,6690,0,N,N,N,CP_Drtn,TT_Task,DT_FixedDrtn,TK_NotStart,1450,B.COL. SHOPDRAWING SUBMITAL,,360,0,50,0,0,0,50,0,0,0,,,,2013-10-02 10:00,2013-10-09 12:00,,2013-08-10 10:00,2013-08-17 12:00,2013-08-10 10:00,2013-08-17 12:00,2013-08-10 10:00,2013-08-17 12:00,2013-10-02 10:00,2013-10-09 12:00,,PT_Normal,,,,,cyXTc6we5E2U1om7gkJRyw,8WkPRk4NN0i9moBz9E+BdA,,,N,0,0,,,2013-08-10 20:33,2013-09-14 22:01,admin,admin,
106565,4680,26186,6690,0,N,N,N,CP_Drtn,TT_Task,DT_FixedDrtn,TK_NotStart,1460,B.COL SHOPDRAWING APPROVAL,,710,710,50,0,0,0,50,0,0,0,,,,2013-12-01 10:00,2013-12-08 12:00,,2013-08-17 12:00,2013-08-24 14:00,2013-08-17 12:00,2013-08-24 14:00,2013-08-17 12:00,2013-08-24 14:00,2013-12-01 10:00,2013-12-08 12:00,,PT_Normal,,,,,fuFvtcTcbECYB3Jk5E7hOQ,cyXTc6we5E2U1om7gkJRyw,,,N,0,0,,,2013-08-10 20:35,2013-09-14 22:01,admin,admin,
106566,4680,26186,6690,0,N,N,N,CP_Drtn,TT_Task,DT_FixedDrtn,TK_NotStart,1470,GR.COL. SHOPDRAWING SUBMITAL,,360,0,50,0,0,0,50,0,0,0,,,,2013-10-16 14:00,2013-10-23 16:00,,2013-08-24 14:00,2013-08-31 16:00,2013-08-24 14:00,2013-08-31 16:00,2013-08-24 14:00,2013-08-31 16:00,2013-10-16 14:00,2013-10-23 16:00,,PT_Normal,,,,,7C8nxGqxxk2u3W0y2LxUAQ,cyXTc6we5E2U1om7gkJRyw,,,N,0,0,,,2013-08-10 20:35,2013-09-14 22:01,admin,admin,
106567,4680,26186,6690,0,N,N,N,CP_Drtn,TT_Task,DT_FixedDrtn,TK_NotStart,1480,GR.COL SHOPDRAWING APPROVAL,,780,780,50,0,0,0,50,0,0,0,,,,2013-12-26 12:00,2014-01-02 14:00,,2013-09-01 08:00,2013-09-09 10:00,2013-09-01 08:00,2013-09-09 10:00,2013-09-01 08:00,2013-09-09 10:00,2013-12-26 12:00,2014-01-02 14:00,,PT_Normal,,,,,s68XjswhGEucHa4+uczj3Q,fuFvtcTcbECYB3Jk5E7hOQ,,,N,0,0,,,2013-08-10 20:35,2013-09-14 22:01,admin,admin,
106568,4680,26186,6690,0,N,N,N,CP_Drtn,TT_Task,DT_FixedDrtn,TK_NotStart,1490,1ST COL. SHOPDRAWING SUBMITAL,,360,0,50,0,0,0,50,0,0,0,,,,2013-10-31 10:00,2013-11-07 12:00,,2013-09-09 10:00,2013-09-16 12:00,2013-09-09 10:00,2013-09-16 12:00,2013-09-09 10:00,2013-09-16 12:00,2013-10-31 10:00,2013-11-07 12:00,,PT_Normal,,,,,nmFKW4zM60qsSYdTbk11ew,7C8nxGqxxk2u3W0y2LxUAQ,,,N,0,0,,,2013-08-10 20:36,2013-09-14 22:01,admin,admin,
106569,4680,26186,6690,0,N,N,N,CP_Drtn,TT_Task,DT_FixedDrtn,TK_NotStart,1500,1ST COL SHOPDRAWING APPROVAL,,950,860,50,0,0,0,50,0,0,0,,,,2014-02-04 10:00,2014-02-11 12:00,,2013-09-16 12:00,2013-09-23 14:00,2013-09-16 12:00,2013-09-23 14:00,2013-09-16 12:00,2013-09-23 14:00,2014-02-04 10:00,2014-02-11 12:00,,PT_Normal,,,,,ahAoMcZ+/02HdOm3Sg1fwQ,s68XjswhGEucHa4+uczj3Q,,,N,0,0,,,2013-08-10 20:36,2013-09-14 22:01,admin,admin,
106570,4680,26186,6690,0,N,N,N,CP_Drtn,TT_Task,DT_FixedDrtn,TK_NotStart,1510,2ND COL. SHOPDRAWING SUBMITAL,,360,0,50,0,0,0,50,0,0,0,,,,2013-11-14 14:00,2013-11-21 16:00,,2013-09-23 14:00,2013-09-30 16:00,2013-09-23 14:00,2013-09-30 16:00,2013-09-23 14:00,2013-09-30 16:00,2013-11-14 14:00,2013-11-21 16:00,,PT_Normal,,,,,ea/r3Ev8k0OYZt8oSwGcAg,nmFKW4zM60qsSYdTbk11ew,,,N,0,0,,,2013-08-10 20:38,2013-09-14 22:01,admin,admin,
106571,4680,26186,6690,0,N,N,N,CP_Drtn,TT_Task,DT_FixedDrtn,TK_NotStart,1520,2ND COL SHOPDRAWING APPROVAL,,360,0,50,0,0,0,50,0,0,0,,,,2013-11-23 08:00,2013-12-01 10:00,,2013-10-01 08:00,2013-10-08 10:00,2013-10-01 08:00,2013-10-08 10:00,2013-10-01 08:00,2013-10-08 10:00,2013-11-23 08:00,2013-12-01 10:00,,PT_Normal,,,,,s/b0mLCYdESvMEaB4WBabg,ahAoMcZ+/02HdOm3Sg1fwQ,,,N,0,0,,,2013-08-10 20:38,2013-09-14 22:01,admin,admin,
106572,4680,26186,6690,0,N,N,N,CP_Drtn,TT_Task,DT_FixedDrtn,TK_NotStart,1530,3RD COL. SHOPDRAWING SUBMITAL,,360,0,50,0,0,0,50,0,0,0,,,,2013-12-08 12:00,2013-12-15 14:00,,2013-10-15 12:00,2013-10-22 14:00,2013-10-15 12:00,2013-10-22 14:00,2013-10-15 12:00,2013-10-22 14:00,2013-12-08 12:00,2013-12-15 14:00,,PT_Normal,,,,,3+XbHfSlKUOWts+nAsIjzQ,ea/r3Ev8k0OYZt8oSwGcAg,,,N,0,0,,,2013-08-10 20:39,2013-09-14 22:01,admin,admin,
106573,4680,26186,6690,0,N,N,N,CP_Drtn,TT_Task,DT_FixedDrtn,TK_NotStart,1540,3RD CO. SHOPDRAWING APPROVAL,,1220,950,50,0,0,0,50,0,0,0,,,,2014-04-21 10:00,2014-04-28 12:00,,2013-10-22 14:00,2013-10-29 16:00,2013-10-22 14:00,2013-10-29 16:00,2013-10-22 14:00,2013-10-29 16:00,2014-04-21 10:00,2014-04-28 12:00,,PT_Normal,,,,,f6ijXzE/OkGqPQlSNtdIMg,s/b0mLCYdESvMEaB4WBabg,,,N,0,0,,,2013-08-10 20:39,2013-09-14 22:01,admin,admin,
106574,4680,26186,6690,0,N,N,N,CP_Drtn,TT_Task,DT_FixedDrtn,TK_NotStart,1550,ROOF COL. SHOPDRAWING SUBMITAL,,360,0,50,0,0,0,50,0,0,0,,,,2013-12-23 08:00,2013-12-31 10:00,,2013-10-30 08:00,2013-11-06 10:00,2013-10-30 08:00,2013-11-06 10:00,2013-10-30 08:00,2013-11-06 10:00,2013-12-23 08:00,2013-12-31 10:00,,PT_Normal,,,,,2iy4YR/Od02VoQm6LiThmQ,3+XbHfSlKUOWts+nAsIjzQ,,,N,0,0,,,2013-08-10 20:39,2013-09-14 22:01,admin,admin,
106575,4680,26186,6690,0,N,N,N,CP_Drtn,TT_Task,DT_FixedDrtn,TK_NotStart,1560,ROOF COL. SHOPDRAWING APPROVAL,,1480,1020,50,0,0,0,50,0,0,0,,,,2014-06-12 10:00,2014-06-19 12:00,,2013-11-06 10:00,2013-11-13 12:00,2013-11-06 10:00,2013-11-13 12:00,2013-11-06 10:00,2013-11-13 12:00,2014-06-12 10:00,2014-06-19 12:00,,PT_Normal,,,,,+TX4LPlsyUqB98bZ7W+Wpw,f6ijXzE/OkGqPQlSNtdIMg,,,N,0,0,,,2013-08-10 20:39,2013-09-14 22:01,admin,admin,
106576,4680,26186,6690,0,N,N,N,CP_Drtn,TT_Task,DT_FixedDrtn,TK_NotStart,1570,ISOLATION MATERIAL SUBMITAL,,3300,3300,50,0,0,0,50,0,0,0,,,,2015-02-12 10:00,2015-02-19 12:00,,2013-10-16 14:00,2013-10-24 08:00,2013-10-16 14:00,2013-10-24 08:00,2013-10-16 14:00,2013-10-24 08:00,2015-02-12 10:00,2015-02-19 12:00,,PT_Normal,,,,,vmLIyhIhLEG24CYaZfQ/VQ,+TX4LPlsyUqB98bZ7W+Wpw,,,N,0,0,,,2013-08-10 20:44,2013-09-14 22:01,admin,admin,
106577,4680,26186,6690,0,N,N,N,CP_Drtn,TT_Task,DT_FixedDrtn,TK_NotStart,1580,ISOLATION MATERIAL APPROVAL,,3100,0,50,0,0,0,50,0,0,0,,,,2015-01-21 12:00,2015-01-28 14:00,,2013-10-24 08:00,2013-10-31 10:00,2013-10-24 08:00,2013-10-31 10:00,2013-10-24 08:00,2013-10-31 10:00,2015-01-21 12:00,2015-01-28 14:00,,PT_Normal,,,,,TuacrGbDr0WRWtKa32jmaA,vmLIyhIhLEG24CYaZfQ/VQ,,,N,0,0,,,2013-08-10 20:45,2013-09-14 22:01,admin,admin,
106578,4680,26186,6690,0,N,N,N,CP_Drtn,TT_Task,DT_FixedDrtn,TK_NotStart,1590,ISOLATION MATERIAL PROCURMENT,,3100,0,50,0,0,0,50,0,0,0,,,,2015-01-28 14:00,2015-02-04 16:00,,2013-10-31 10:00,2013-11-07 12:00,2013-10-31 10:00,2013-11-07 12:00,2013-10-31 10:00,2013-11-07 12:00,2015-01-28 14:00,2015-02-04 16:00,,PT_Normal,,,,,qw1HsYouLU6xaWn1rnFCcA,TuacrGbDr0WRWtKa32jmaA,,,N,0,0,,,2013-08-10 20:46,2013-09-14 22:01,admin,admin,
106579,4680,26186,6690,0,N,N,N,CP_Drtn,TT_Task,DT_FixedDrtn,TK_NotStart,1600,ISOLATION MATERIAL PROCURMENT,,3100,0,100,0,0,0,100,0,0,0,,,,2015-02-04 16:00,2015-02-19 12:00,,2013-11-07 12:00,2013-11-23 08:00,2013-11-07 12:00,2013-11-23 08:00,2013-11-07 12:00,2013-11-23 08:00,2015-02-04 16:00,2015-02-19 12:00,,PT_Normal,,,,,NGECyq34c0yW5SZeRV9gQw,qw1HsYouLU6xaWn1rnFCcA,,,N,0,0,,,2013-08-10 20:47,2013-09-14 22:01,admin,admin,
106580,4680,26186,6690,0,N,N,N,CP_Drtn,TT_Task,DT_FixedDrtn,TK_NotStart,1610,BRICK MATERIAL SUBMITAL,,3100,0,50,0,0,0,50,0,0,0,,,,2015-01-28 14:00,2015-02-04 16:00,,2013-10-31 10:00,2013-11-07 12:00,2013-10-31 10:00,2013-11-07 12:00,2013-10-31 10:00,2013-11-07 12:00,2015-01-28 14:00,2015-02-04 16:00,,PT_Normal,,,,,DrgmoWCzJkG8VUTpV5ekfg,vmLIyhIhLEG24CYaZfQ/VQ,,,N,0,0,,,2013-08-10 20:48,2013-09-14 22:01,admin,admin,
106581,4680,26186,6690,0,N,N,N,CP_Drtn,TT_Task,DT_FixedDrtn,TK_NotStart,1620,BRICK MATERIAL APPROVAL,,3430,330,50,0,0,0,50,0,0,0,,,,2015-02-04 16:00,2015-02-12 10:00,,2013-09-21 10:00,2013-09-28 12:00,2013-09-21 10:00,2013-09-28 12:00,2013-09-21 10:00,2013-09-28 12:00,2015-02-04 16:00,2015-02-12 10:00,,PT_Normal,,,,,bjPACwvIvE6c0evKGYczFg,TuacrGbDr0WRWtKa32jmaA,,,N,0,0,,,2013-08-10 20:48,2013-09-14 22:01,admin,admin,
106582,4680,26186,6690,0,N,N,N,CP_Drtn,TT_Task,DT_FixedDrtn,TK_NotStart,1630,BRICK MATERIAL PROCURMENT,,3430,0,50,0,0,0,50,0,0,0,,,,2015-02-12 10:00,2015-02-19 12:00,,2013-09-28 12:00,2013-10-05 14:00,2013-09-28 12:00,2013-10-05 14:00,2013-09-28 12:00,2013-10-05 14:00,2015-02-12 10:00,2015-02-19 12:00,,PT_Normal,,,,,0HWCKclb7UmgZLGXkcgrZQ,qw1HsYouLU6xaWn1rnFCcA,,,N,0,0,,,2013-08-10 20:48,2013-09-14 22:01,admin,admin,
106583,4680,26186,6690,0,N,N,N,CP_Drtn,TT_Task,DT_FixedDrtn,TK_NotStart,1640,BRICK MATERIAL DELIEVERY,,3130,0,300,0,0,0,300,0,0,0,,,,2015-01-07 08:00,2015-02-19 12:00,,2013-10-05 14:00,2013-11-18 10:00,2013-10-05 14:00,2013-11-18 10:00,2013-10-05 14:00,2013-11-18 10:00,2015-01-07 08:00,2015-02-19 12:00,,PT_Normal,,,,,mBgQUzy6LEGB8P3drco3rg,NGECyq34c0yW5SZeRV9gQw,,,N,0,0,,,2013-08-10 20:48,2013-09-14 22:01,admin,admin,
106584,4680,26186,6690,0,N,N,N,CP_Drtn,TT_Task,DT_FixedDrtn,TK_NotStart,1650,CERMIC MATERIAL SUBMITAL,,3100,2180,50,0,0,0,50,0,0,0,,,,2015-02-05 08:00,2015-02-12 10:00,,2013-11-07 12:00,2013-11-14 14:00,2013-11-07 12:00,2013-11-14 14:00,2013-11-07 12:00,2013-11-14 14:00,2015-02-05 08:00,2015-02-12 10:00,,PT_Normal,,,,,AteGeO1CCkmDG+fYV6GNUA,DrgmoWCzJkG8VUTpV5ekfg,,,N,0,0,,,2013-08-10 20:50,2013-09-14 22:01,admin,admin,
106585,4680,26186,6690,0,N,N,N,CP_Drtn,TT_Task,DT_FixedDrtn,TK_NotStart,1660,CERMIC MATERIAL APPROVAL,,3200,100,50,0,0,0,50,0,0,0,,,,2015-02-12 10:00,2015-02-19 12:00,,2013-10-31 10:00,2013-11-07 12:00,2013-10-31 10:00,2013-11-07 12:00,2013-10-31 10:00,2013-11-07 12:00,2015-02-12 10:00,2015-02-19 12:00,,PT_Normal,,,,,u6iVJZ8+PECsIkGD2XHPLg,bjPACwvIvE6c0evKGYczFg,,,N,0,0,,,2013-08-10 20:50,2013-09-14 22:01,admin,admin,
106586,4680,26186,6690,0,N,N,N,CP_Drtn,TT_Task,DT_FixedDrtn,TK_NotStart,1670,CERMIC MATERIAL PROCURMENT,,3150,0,50,0,0,0,50,0,0,0,,,,2015-02-12 10:00,2015-02-19 12:00,,2013-11-07 12:00,2013-11-14 14:00,2013-11-07 12:00,2013-11-14 14:00,2013-11-07 12:00,2013-11-14 14:00,2015-02-12 10:00,2015-02-19 12:00,,PT_Normal,,,,,6y1mtxhsL0yeBURLsclSVg,0HWCKclb7UmgZLGXkcgrZQ,,,N,0,0,,,2013-08-10 20:50,2013-09-14 22:01,admin,admin,
106587,4680,26186,6690,0,N,N,N,CP_Drtn,TT_Task,DT_FixedDrtn,TK_NotStart,1680,CERMIC MATERIAL DELIEVERY,,2550,0,600,0,0,0,600,0,0,0,,,,2014-11-24 12:00,2015-02-19 12:00,,2013-11-14 14:00,2014-02-12 14:00,2013-11-14 14:00,2014-02-12 14:00,2013-11-14 14:00,2014-02-12 14:00,2014-11-24 12:00,2015-02-19 12:00,,PT_Normal,,,,,d9PHsrsjgkyQ/jT5POQR7Q,mBgQUzy6LEGB8P3drco3rg,,,N,0,0,,,2013-08-10 20:50,2013-09-14 22:01,admin,admin,
106588,4680,26186,6690,0,N,N,N,CP_Drtn,TT_Task,DT_FixedDrtn,TK_NotStart,1690,RED TILES MATERIAL SUBMITAL,,920,920,50,0,0,0,50,0,0,0,,,,2015-02-12 10:00,2015-02-19 12:00,,2014-10-01 10:00,2014-10-08 12:00,2014-10-01 10:00,2014-10-08 12:00,2014-10-01 10:00,2014-10-08 12:00,2015-02-12 10:00,2015-02-19 12:00,,PT_Normal,,,,,WZFir9K8jE2Ij6VyQSzEVg,AteGeO1CCkmDG+fYV6GNUA,,,N,0,0,,,2013-08-10 20:54,2013-09-14 22:01,admin,admin,
106589,4680,26186,6690,0,N,N,N,CP_Drtn,TT_Task,DT_FixedDrtn,TK_NotStart,1700,RED TILES MATERIAL APPROVAL,,870,0,50,0,0,0,50,0,0,0,,,,2015-02-12 10:00,2015-02-19 12:00,,2014-10-08 12:00,2014-10-15 14:00,2014-10-08 12:00,2014-10-15 14:00,2014-10-08 12:00,2014-10-15 14:00,2015-02-12 10:00,2015-02-19 12:00,,PT_Normal,,,,,nGLwc/K7j0uwzvaqoUZODA,u6iVJZ8+PECsIkGD2XHPLg,,,N,0,0,,,2013-08-10 20:54,2013-09-14 22:01,admin,admin,
106590,4680,26186,6690,0,N,N,N,CP_Drtn,TT_Task,DT_FixedDrtn,TK_NotStart,1710,RED TILES MATERIAL PROCURMENT,,820,0,50,0,0,0,50,0,0,0,,,,2015-02-12 10:00,2015-02-19 12:00,,2014-10-15 14:00,2014-10-23 08:00,2014-10-15 14:00,2014-10-23 08:00,2014-10-15 14:00,2014-10-23 08:00,2015-02-12 10:00,2015-02-19 12:00,,PT_Normal,,,,,e0037MDgN0yeIDe6ZyWYgA,6y1mtxhsL0yeBURLsclSVg,,,N,0,0,,,2013-08-10 20:54,2013-09-14 22:01,admin,admin,
106591,4680,26186,6690,0,N,N,N,CP_Drtn,TT_Task,DT_FixedDrtn,TK_NotStart,1720,RED TILES MATERIAL DELIEVERY,,670,0,150,0,0,0,150,0,0,0,,,,2015-01-28 14:00,2015-02-19 12:00,,2014-10-23 08:00,2014-11-13 14:00,2014-10-23 08:00,2014-11-13 14:00,2014-10-23 08:00,2014-11-13 14:00,2015-01-28 14:00,2015-02-19 12:00,,PT_Normal,,,,,MGgYJo5LTkeuhGcMBBki1w,d9PHsrsjgkyQ/jT5POQR7Q,,,N,0,0,,,2013-08-10 20:54,2013-09-14 22:01,admin,admin,
106592,4680,26186,6690,0,N,N,N,CP_Drtn,TT_Task,DT_FixedDrtn,TK_NotStart,1730,MOBILZATION,,0,0,300,0,0,0,300,0,0,0,,,,2013-08-03 08:00,2013-09-16 12:00,,2013-08-03 08:00,2013-09-16 12:00,2013-08-03 08:00,2013-09-16 12:00,2013-08-03 08:00,2013-09-16 12:00,2013-08-03 08:00,2013-09-16 12:00,,PT_Normal,,,,,Kk+7Janv8kaOVxbgNq6yrg,EpCnxBh0XkW5H9+2ClR3kA,,,Y,0,0,,,2013-08-10 20:57,2013-09-14 22:01,admin,admin,
106767,4680,26186,6690,0,N,N,N,CP_Drtn,TT_Task,DT_FixedDrtn,TK_NotStart,1740,B.SLAB SHOPDRAWING SUBMITAL,,360,0,50,0,0,0,50,0,0,0,,,,2013-10-09 12:00,2013-10-16 14:00,,2013-08-17 12:00,2013-08-24 14:00,2013-08-17 12:00,2013-08-24 14:00,2013-08-17 12:00,2013-08-24 14:00,2013-10-09 12:00,2013-10-16 14:00,,PT_Normal,,,,,aT62xghpIkq0IkitLwPyIg,cyXTc6we5E2U1om7gkJRyw,,,N,0,0,,,2013-08-12 20:42,2013-09-14 22:01,admin,admin,
106768,4680,26186,6690,0,N,N,N,CP_Drtn,TT_Task,DT_FixedDrtn,TK_NotStart,1750,B.SLAB SHOPDRAWING APPROVAL,,730,730,50,0,0,0,50,0,0,0,,,,2013-12-11 08:00,2013-12-18 10:00,,2013-08-24 14:00,2013-08-31 16:00,2013-08-24 14:00,2013-08-31 16:00,2013-08-24 14:00,2013-08-31 16:00,2013-12-11 08:00,2013-12-18 10:00,,PT_Normal,,,,,QDc1arRvRE2tWwsjOZN96Q,fuFvtcTcbECYB3Jk5E7hOQ,,,N,0,0,,,2013-08-12 20:42,2013-09-14 22:01,admin,admin,
106769,4680,26186,6690,0,N,N,N,CP_Drtn,TT_Task,DT_FixedDrtn,TK_NotStart,1760,GR.SLAB SHOPDRAWING SUBMITAL,,360,0,50,0,0,0,50,0,0,0,,,,2013-10-24 08:00,2013-10-31 10:00,,2013-09-01 08:00,2013-09-09 10:00,2013-09-01 08:00,2013-09-09 10:00,2013-09-01 08:00,2013-09-09 10:00,2013-10-24 08:00,2013-10-31 10:00,,PT_Normal,,,,,Lt97R4he60ub/thxWe5gwQ,7C8nxGqxxk2u3W0y2LxUAQ,,,N,0,0,,,2013-08-12 21:07,2013-09-14 22:01,admin,admin,
106770,4680,26186,6690,0,N,N,N,CP_Drtn,TT_Task,DT_FixedDrtn,TK_NotStart,1770,GR.SLAB SHOPDRAWING APPROVAL,,800,800,50,0,0,0,50,0,0,0,,,,2014-01-06 10:00,2014-01-13 12:00,,2013-09-09 10:00,2013-09-16 12:00,2013-09-09 10:00,2013-09-16 12:00,2013-09-09 10:00,2013-09-16 12:00,2014-01-06 10:00,2014-01-13 12:00,,PT_Normal,,,,,1E7o9nwmJ0umlCCLajeAyQ,s68XjswhGEucHa4+uczj3Q,,,N,0,0,,,2013-08-12 21:07,2013-09-14 22:01,admin,admin,
106771,4680,26186,6690,0,N,N,N,CP_Drtn,TT_Task,DT_FixedDrtn,TK_NotStart,1780,1ST SLAB. SHOPDRAWING SUBMITAL,,360,0,50,0,0,0,50,0,0,0,,,,2013-11-07 12:00,2013-11-14 14:00,,2013-09-16 12:00,2013-09-23 14:00,2013-09-16 12:00,2013-09-23 14:00,2013-09-16 12:00,2013-09-23 14:00,2013-11-07 12:00,2013-11-14 14:00,,PT_Normal,,,,,CTnYZZm210aLw/MCCQJ86Q,nmFKW4zM60qsSYdTbk11ew,,,N,0,0,,,2013-08-12 21:07,2013-09-14 22:01,admin,admin,
106772,4680,26186,6690,0,N,N,N,CP_Drtn,TT_Task,DT_FixedDrtn,TK_NotStart,1790,1ST SLAB SHOPDRAWING APPROVAL,,970,880,50,0,0,0,50,0,0,0,,,,2014-02-15 08:00,2014-02-22 10:00,,2013-09-23 14:00,2013-09-30 16:00,2013-09-23 14:00,2013-09-30 16:00,2013-09-23 14:00,2013-09-30 16:00,2014-02-15 08:00,2014-02-22 10:00,,PT_Normal,,,,,lvlR2PFvrUWGFawu5fwixw,ahAoMcZ+/02HdOm3Sg1fwQ,,,N,0,0,,,2013-08-12 21:07,2013-09-14 22:01,admin,admin,
106773,4680,26186,6690,0,N,N,N,CP_Drtn,TT_Task,DT_FixedDrtn,TK_NotStart,1800,2ND SLAB. SHOPDRAWING SUBMITAL,,360,0,50,0,0,0,50,0,0,0,,,,2013-12-01 10:00,2013-12-08 12:00,,2013-10-08 10:00,2013-10-15 12:00,2013-10-08 10:00,2013-10-15 12:00,2013-10-08 10:00,2013-10-15 12:00,2013-12-01 10:00,2013-12-08 12:00,,PT_Normal,,,,,BA5tsZDsnUGI0wGsEK74qg,ea/r3Ev8k0OYZt8oSwGcAg,,,N,0,0,,,2013-08-12 21:08,2013-09-14 22:01,admin,admin,
106774,4680,26186,6690,0,N,N,N,CP_Drtn,TT_Task,DT_FixedDrtn,TK_NotStart,1810,2ND SLAB SHOPDRAWING APPROVAL,,1080,900,50,0,0,0,50,0,0,0,,,,2014-03-24 12:00,2014-03-31 14:00,,2013-10-15 12:00,2013-10-22 14:00,2013-10-15 12:00,2013-10-22 14:00,2013-10-15 12:00,2013-10-22 14:00,2014-03-24 12:00,2014-03-31 14:00,,PT_Normal,,,,,Nr0iV7OixUyyfoADZ2G2/w,s/b0mLCYdESvMEaB4WBabg,,,N,0,0,,,2013-08-12 21:08,2013-09-14 22:01,admin,admin,
106775,4680,26186,6690,0,N,N,N,CP_Drtn,TT_Task,DT_FixedDrtn,TK_NotStart,1820,3RD SLAB. SHOPDRAWING SUBMITAL,,360,0,50,0,0,0,50,0,0,0,,,,2013-12-15 14:00,2013-12-22 16:00,,2013-10-22 14:00,2013-10-29 16:00,2013-10-22 14:00,2013-10-29 16:00,2013-10-22 14:00,2013-10-29 16:00,2013-12-15 14:00,2013-12-22 16:00,,PT_Normal,,,,,golF9H2R9km+LCWSkvtKrQ,3+XbHfSlKUOWts+nAsIjzQ,,,N,0,0,,,2013-08-12 21:09,2013-09-14 22:01,admin,admin,
106776,4680,26186,6690,0,N,N,N,CP_Drtn,TT_Task,DT_FixedDrtn,TK_NotStart,1830,3RD SLAB SHOPDRAWING APPROVAL,,1240,970,50,0,0,0,50,0,0,0,,,,2014-05-01 08:00,2014-05-08 10:00,,2013-10-30 08:00,2013-11-06 10:00,2013-10-30 08:00,2013-11-06 10:00,2013-10-30 08:00,2013-11-06 10:00,2014-05-01 08:00,2014-05-08 10:00,,PT_Normal,,,,,9c/eamMKTECEcvgatAZhMw,f6ijXzE/OkGqPQlSNtdIMg,,,N,0,0,,,2013-08-12 21:09,2013-09-14 22:01,admin,admin,
106777,4680,26186,6690,0,N,N,N,CP_Drtn,TT_Task,DT_FixedDrtn,TK_NotStart,1840,ROOF SLAB SHOPDRAWING SUBMITAL,,360,0,50,0,0,0,50,0,0,0,,,,2013-12-31 10:00,2014-01-07 12:00,,2013-11-06 10:00,2013-11-13 12:00,2013-11-06 10:00,2013-11-13 12:00,2013-11-06 10:00,2013-11-13 12:00,2013-12-31 10:00,2014-01-07 12:00,,PT_Normal,,,,,1Xa1/U7PfUi9WiU5PPUUSw,2iy4YR/Od02VoQm6LiThmQ,,,N,0,0,,,2013-08-12 21:10,2013-09-14 22:01,admin,admin,
106778,4680,26186,6690,0,N,N,N,CP_Drtn,TT_Task,DT_FixedDrtn,TK_NotStart,1850,ROOF SLAB SHOPDRAWING APPROVAL,,360,0,50,0,0,0,50,0,0,0,,,,2014-01-07 12:00,2014-01-14 14:00,,2013-11-13 12:00,2013-11-20 14:00,2013-11-13 12:00,2013-11-20 14:00,2013-11-13 12:00,2013-11-20 14:00,2014-01-07 12:00,2014-01-14 14:00,,PT_Normal,,,,,7mwi0D9a30SgXfGO/6LFwg,+TX4LPlsyUqB98bZ7W+Wpw,,,N,0,0,,,2013-08-12 21:10,2013-09-14 22:01,admin,admin,
106779,4680,26186,6690,0,N,N,N,CP_Drtn,TT_Task,DT_FixedDrtn,TK_NotStart,1860,B.MASONARY SHOPDRAWING SUBMITAL,,360,0,50,0,0,0,50,0,0,0,,,,2014-01-14 14:00,2014-01-21 16:00,,2013-11-20 14:00,2013-11-27 16:00,2013-11-20 14:00,2013-11-27 16:00,2013-11-20 14:00,2013-11-27 16:00,2014-01-14 14:00,2014-01-21 16:00,,PT_Normal,,,,,7iAwIeb0SUS/yk+lTqMu8A,1Xa1/U7PfUi9WiU5PPUUSw,,,N,0,0,,,2013-08-12 21:22,2013-09-14 22:01,admin,admin,
106780,4680,26186,6690,0,N,N,N,CP_Drtn,TT_Task,DT_FixedDrtn,TK_NotStart,1870,B.MASONARY SHOPDRAWING APPROVAL,,360,360,50,0,0,0,50,0,0,0,,,,2014-01-22 08:00,2014-01-29 10:00,,2013-11-30 08:00,2013-12-07 10:00,2013-11-30 08:00,2013-12-07 10:00,2013-11-30 08:00,2013-12-07 10:00,2014-01-22 08:00,2014-01-29 10:00,,PT_Normal,,,,,wqdXJeWzM0uf58kBCoaoaQ,7mwi0D9a30SgXfGO/6LFwg,,,N,0,0,,,2013-08-12 21:22,2013-09-14 22:01,admin,admin,
106781,4680,26186,6690,0,N,N,N,CP_Drtn,TT_Task,DT_FixedDrtn,TK_NotStart,1880,GR.MASONARY SHOPDRAWING SUBMITAL,,390,0,50,0,0,0,50,0,0,0,,,,2014-01-26 14:00,2014-02-02 16:00,,2013-11-30 08:00,2013-12-07 10:00,2013-11-30 08:00,2013-12-07 10:00,2013-11-30 08:00,2013-12-07 10:00,2014-01-26 14:00,2014-02-02 16:00,,PT_Normal,,,,,D324eA70rk6zpkSIt07CYQ,7iAwIeb0SUS/yk+lTqMu8A,,,N,0,0,,,2013-08-12 21:26,2013-09-14 22:01,admin,admin,
106782,4680,26186,6690,0,N,N,N,CP_Drtn,TT_Task,DT_FixedDrtn,TK_NotStart,1890,GR.MASONARY SHOPDRAWING APPROVAL,,390,340,50,0,0,0,50,0,0,0,,,,2014-02-03 08:00,2014-02-10 10:00,,2013-12-07 10:00,2013-12-14 12:00,2013-12-07 10:00,2013-12-14 12:00,2013-12-07 10:00,2013-12-14 12:00,2014-02-03 08:00,2014-02-10 10:00,,PT_Normal,,,,,zVwzGRKpkkKQVsTtt957SA,wqdXJeWzM0uf58kBCoaoaQ,,,N,0,0,,,2013-08-12 21:26,2013-09-14 22:01,admin,admin,
106783,4680,26186,6690,0,N,N,N,CP_Drtn,TT_Task,DT_FixedDrtn,TK_NotStart,1900,1ST.MASONARY SHOPDRAWING SUBMITAL,,680,0,50,0,0,0,50,0,0,0,,,,2014-03-17 10:00,2014-03-24 12:00,,2013-12-07 10:00,2013-12-14 12:00,2013-12-07 10:00,2013-12-14 12:00,2013-12-07 10:00,2013-12-14 12:00,2014-03-17 10:00,2014-03-24 12:00,,PT_Normal,,,,,Z38BzSg4C0em/pBJ7XdzLQ,D324eA70rk6zpkSIt07CYQ,,,N,0,0,,,2013-08-12 21:28,2013-09-14 22:01,admin,admin,
106784,4680,26186,6690,0,N,N,N,CP_Drtn,TT_Task,DT_FixedDrtn,TK_NotStart,1910,1ST.MASONARY SHOPDRAWING APPROVAL,,680,0,50,0,0,0,50,0,0,0,,,,2014-03-24 12:00,2014-03-31 14:00,,2013-12-14 12:00,2013-12-21 14:00,2013-12-14 12:00,2013-12-21 14:00,2013-12-14 12:00,2013-12-21 14:00,2014-03-24 12:00,2014-03-31 14:00,,PT_Normal,,,,,kRFsos6MaUKvbXGIhyxPjg,zVwzGRKpkkKQVsTtt957SA,,,N,0,0,,,2013-08-12 21:28,2013-09-14 22:01,admin,admin,
106785,4680,26186,6690,0,N,N,N,CP_Drtn,TT_Task,DT_FixedDrtn,TK_NotStart,1920,2ND.MASONARY SHOPDRAWING SUBMITAL,,680,0,50,0,0,0,50,0,0,0,,,,2014-03-31 14:00,2014-04-07 16:00,,2013-12-21 14:00,2013-12-29 16:00,2013-12-21 14:00,2013-12-29 16:00,2013-12-21 14:00,2013-12-29 16:00,2014-03-31 14:00,2014-04-07 16:00,,PT_Normal,,,,,oLu5FdYp0EOhL1kOrEb/4Q,Z38BzSg4C0em/pBJ7XdzLQ,,,N,0,0,,,2013-08-12 21:28,2013-09-14 22:01,admin,admin,
106786,4680,26186,6690,0,N,N,N,CP_Drtn,TT_Task,DT_FixedDrtn,TK_NotStart,1930,2ND.MASONARY SHOPDRAWING APPROVAL,,680,500,50,0,0,0,50,0,0,0,,,,2014-04-08 08:00,2014-04-15 10:00,,2013-12-30 08:00,2014-01-06 10:00,2013-12-30 08:00,2014-01-06 10:00,2013-12-30 08:00,2014-01-06 10:00,2014-04-08 08:00,2014-04-15 10:00,,PT_Normal,,,,,u3jpuKDa+EKi/AyltOzwaQ,kRFsos6MaUKvbXGIhyxPjg,,,N,0,0,,,2013-08-12 21:28,2013-09-14 22:01,admin,admin,
106787,4680,26186,6690,0,N,N,N,CP_Drtn,TT_Task,DT_FixedDrtn,TK_NotStart,1940,3RD.MASONARY SHOPDRAWING SUBMITAL,,890,0,50,0,0,0,50,0,0,0,,,,2014-05-08 10:00,2014-05-15 12:00,,2013-12-30 08:00,2014-01-06 10:00,2013-12-30 08:00,2014-01-06 10:00,2013-12-30 08:00,2014-01-06 10:00,2014-05-08 10:00,2014-05-15 12:00,,PT_Normal,,,,,fvyxh3cL3k6BSI8ZBydTfQ,oLu5FdYp0EOhL1kOrEb/4Q,,,N,0,0,,,2013-08-12 21:29,2013-09-14 22:01,admin,admin,
106788,4680,26186,6690,0,N,N,N,CP_Drtn,TT_Task,DT_FixedDrtn,TK_NotStart,1950,3RD.MASONARY SHOPDRAWING APPROVAL,,890,620,50,0,0,0,50,0,0,0,,,,2014-05-15 12:00,2014-05-22 14:00,,2014-01-06 10:00,2014-01-13 12:00,2014-01-06 10:00,2014-01-13 12:00,2014-01-06 10:00,2014-01-13 12:00,2014-05-15 12:00,2014-05-22 14:00,,PT_Normal,,,,,LGMJ8Kufw0SAhqEudYeJZw,u3jpuKDa+EKi/AyltOzwaQ,,,N,0,0,,,2013-08-12 21:29,2013-09-14 22:01,admin,admin,
106789,4680,26186,6690,0,N,N,N,CP_Drtn,TT_Task,DT_FixedDrtn,TK_NotStart,1960,ROOF MASONARY SHOPDRAWING SUBMITAL,,1130,0,50,0,0,0,50,0,0,0,,,,2014-06-19 12:00,2014-06-26 14:00,,2014-01-06 10:00,2014-01-13 12:00,2014-01-06 10:00,2014-01-13 12:00,2014-01-06 10:00,2014-01-13 12:00,2014-06-19 12:00,2014-06-26 14:00,,PT_Normal,,,,,QcDU0rQLjku5wXIk39GFcw,fvyxh3cL3k6BSI8ZBydTfQ,,,N,0,0,,,2013-08-12 21:30,2013-09-14 22:01,admin,admin,
106790,4680,26186,6690,0,N,N,N,CP_Drtn,TT_Task,DT_FixedDrtn,TK_NotStart,1970,ROOF MASONARY SHOPDRAWING APPROVAL,,1130,670,50,0,0,0,50,0,0,0,,,,2014-06-26 14:00,2014-07-03 16:00,,2014-01-13 12:00,2014-01-20 14:00,2014-01-13 12:00,2014-01-20 14:00,2014-01-13 12:00,2014-01-20 14:00,2014-06-26 14:00,2014-07-03 16:00,,PT_Normal,,,,,QkmGGSUFjEymX7rV9k5eBw,LGMJ8Kufw0SAhqEudYeJZw,,,N,0,0,,,2013-08-12 21:30,2013-09-14 22:01,admin,admin,
106791,4680,26186,6690,0,N,N,N,CP_Drtn,TT_Task,DT_FixedDrtn,TK_NotStart,1980,backfill MATERIAL SUBMITAL,,3120,20,50,0,0,0,50,0,0,0,,,,2015-01-21 12:00,2015-01-28 14:00,,2013-10-21 12:00,2013-10-28 14:00,2013-10-21 12:00,2013-10-28 14:00,2013-10-21 12:00,2013-10-28 14:00,2015-01-21 12:00,2015-01-28 14:00,,PT_Normal,,,,,NStGZ3VD/0irh3JxTraudQ,vmLIyhIhLEG24CYaZfQ/VQ,,,N,0,0,,,2013-08-13 19:53,2013-09-14 22:01,NotPrmUser,admin,
106792,4680,26186,6690,0,N,N,N,CP_Drtn,TT_Task,DT_FixedDrtn,TK_NotStart,1990,backfill MATERIAL APPROVAL,,3120,0,50,0,0,0,50,0,0,0,,,,2015-01-28 14:00,2015-02-04 16:00,,2013-10-28 14:00,2013-11-05 08:00,2013-10-28 14:00,2013-11-05 08:00,2013-10-28 14:00,2013-11-05 08:00,2015-01-28 14:00,2015-02-04 16:00,,PT_Normal,,,,,hOpOnTGaxkmRbvxJmGmEuQ,TuacrGbDr0WRWtKa32jmaA,,,N,0,0,,,2013-08-13 19:53,2013-09-14 22:01,NotPrmUser,admin,
106793,4680,26186,6690,0,N,N,N,CP_Drtn,TT_Task,DT_FixedDrtn,TK_NotStart,2000,backfill MATERIAL PROCURMENT,,3120,0,50,0,0,0,50,0,0,0,,,,2015-02-04 16:00,2015-02-12 10:00,,2013-11-05 08:00,2013-11-12 10:00,2013-11-05 08:00,2013-11-12 10:00,2013-11-05 08:00,2013-11-12 10:00,2015-02-04 16:00,2015-02-12 10:00,,PT_Normal,,,,,RXkyofc2h0SblyWJkc9cQw,qw1HsYouLU6xaWn1rnFCcA,,,N,0,0,,,2013-08-13 19:53,2013-09-14 22:01,NotPrmUser,admin,
106794,4680,26186,6690,0,N,N,N,CP_Drtn,TT_Task,DT_FixedDrtn,TK_NotStart,2010,backfill MATERIAL PROCURMENT,,3070,0,100,0,0,0,100,0,0,0,,,,2015-02-05 08:00,2015-02-19 12:00,,2013-11-12 10:00,2013-11-26 14:00,2013-11-12 10:00,2013-11-26 14:00,2013-11-12 10:00,2013-11-26 14:00,2015-02-05 08:00,2015-02-19 12:00,,PT_Normal,,,,,phLFr/yRMEqDr9QsHt4bEA,NGECyq34c0yW5SZeRV9gQw,,,N,0,0,,,2013-08-13 19:53,2013-09-14 22:01,NotPrmUser,admin,
